[{"model": "admin.logentry", "pk": 1, "fields": {"action_time": "2024-02-08T01:34:54.449Z", "user": 1, "content_type": 7, "object_id": "1", "object_repr": "2 Ввода 2 Потребителя + СВ", "action_flag": 1, "change_message": "[{\"added\": {}}]"}}, {"model": "admin.logentry", "pk": 2, "fields": {"action_time": "2024-02-08T01:56:42.857Z", "user": 1, "content_type": 9, "object_id": "1", "object_repr": "SR3B261BD", "action_flag": 1, "change_message": "[{\"added\": {}}]"}}, {"model": "admin.logentry", "pk": 3, "fields": {"action_time": "2024-02-08T01:57:38.814Z", "user": 1, "content_type": 9, "object_id": "2", "object_repr": "SR2B261FU", "action_flag": 1, "change_message": "[{\"added\": {}}]"}}, {"model": "admin.logentry", "pk": 4, "fields": {"action_time": "2024-02-08T02:02:00.936Z", "user": 1, "content_type": 9, "object_id": "3", "object_repr": "SR2B201FU", "action_flag": 1, "change_message": "[{\"added\": {}}]"}}, {"model": "admin.logentry", "pk": 5, "fields": {"action_time": "2024-02-08T02:02:12.378Z", "user": 1, "content_type": 9, "object_id": "4", "object_repr": "SR2B121FU", "action_flag": 1, "change_message": "[{\"added\": {}}]"}}, {"model": "admin.logentry", "pk": 6, "fields": {"action_time": "2024-02-08T02:02:18.287Z", "user": 1, "content_type": 9, "object_id": "5", "object_repr": "ПР200", "action_flag": 1, "change_message": "[{\"added\": {}}]"}}, {"model": "admin.logentry", "pk": 7, "fields": {"action_time": "2024-02-08T02:02:22.400Z", "user": 1, "content_type": 9, "object_id": "6", "object_repr": "ПР205", "action_flag": 1, "change_message": "[{\"added\": {}}]"}}, {"model": "admin.logentry", "pk": 8, "fields": {"action_time": "2024-02-08T02:02:26.721Z", "user": 1, "content_type": 9, "object_id": "7", "object_repr": "ПР103", "action_flag": 1, "change_message": "[{\"added\": {}}]"}}, {"model": "admin.logentry", "pk": 9, "fields": {"action_time": "2024-02-08T02:02:30.957Z", "user": 1, "content_type": 9, "object_id": "8", "object_repr": "Oni", "action_flag": 1, "change_message": "[{\"added\": {}}]"}}, {"model": "admin.logentry", "pk": 10, "fields": {"action_time": "2024-02-08T02:02:39.674Z", "user": 1, "content_type": 9, "object_id": "9", "object_repr": "LOGO!8", "action_flag": 1, "change_message": "[{\"added\": {}}]"}}, {"model": "admin.logentry", "pk": 11, "fields": {"action_time": "2024-02-08T02:03:18.118Z", "user": 1, "content_type": 10, "object_id": "1", "object_repr": "ВРУ", "action_flag": 1, "change_message": "[{\"added\": {}}]"}}, {"model": "admin.logentry", "pk": 12, "fields": {"action_time": "2024-02-08T02:08:14.285Z", "user": 1, "content_type": 10, "object_id": "1", "object_repr": "ВРУ", "action_flag": 2, "change_message": "[{\"changed\": {\"fields\": [\"URL\"]}}]"}}, {"model": "admin.logentry", "pk": 13, "fields": {"action_time": "2024-02-08T02:21:16.723Z", "user": 1, "content_type": 7, "object_id": "2", "object_repr": "2 Ввода 1 Потребитель", "action_flag": 1, "change_message": "[{\"added\": {}}]"}}, {"model": "admin.logentry", "pk": 14, "fields": {"action_time": "2024-02-08T02:24:58.971Z", "user": 1, "content_type": 7, "object_id": "3", "object_repr": "2 Ввода 1 Потребитель + ДГУ", "action_flag": 1, "change_message": "[{\"added\": {}}]"}}, {"model": "admin.logentry", "pk": 15, "fields": {"action_time": "2024-02-12T03:56:31.573Z", "user": 1, "content_type": 11, "object_id": "1", "object_repr": "root", "action_flag": 1, "change_message": "[{\"added\": {}}]"}}, {"model": "admin.logentry", "pk": 16, "fields": {"action_time": "2024-02-12T04:17:04.527Z", "user": 1, "content_type": 11, "object_id": "1", "object_repr": "root", "action_flag": 2, "change_message": "[]"}}, {"model": "admin.logentry", "pk": 17, "fields": {"action_time": "2024-02-12T04:21:04.257Z", "user": 1, "content_type": 11, "object_id": "1", "object_repr": "root", "action_flag": 2, "change_message": "[]"}}, {"model": "admin.logentry", "pk": 18, "fields": {"action_time": "2024-02-12T04:23:14.713Z", "user": 1, "content_type": 11, "object_id": "1", "object_repr": "root", "action_flag": 2, "change_message": "[]"}}, {"model": "admin.logentry", "pk": 19, "fields": {"action_time": "2024-02-12T04:24:51.588Z", "user": 1, "content_type": 11, "object_id": "1", "object_repr": "root", "action_flag": 2, "change_message": "[]"}}, {"model": "admin.logentry", "pk": 20, "fields": {"action_time": "2024-02-12T04:25:11.396Z", "user": 1, "content_type": 11, "object_id": "1", "object_repr": "root", "action_flag": 2, "change_message": "[]"}}, {"model": "admin.logentry", "pk": 21, "fields": {"action_time": "2024-02-12T04:25:49.899Z", "user": 1, "content_type": 11, "object_id": "1", "object_repr": "root", "action_flag": 2, "change_message": "[]"}}, {"model": "admin.logentry", "pk": 22, "fields": {"action_time": "2024-02-12T04:35:00.132Z", "user": 1, "content_type": 11, "object_id": "1", "object_repr": "root", "action_flag": 2, "change_message": "[]"}}, {"model": "admin.logentry", "pk": 23, "fields": {"action_time": "2024-02-12T04:35:25.018Z", "user": 1, "content_type": 11, "object_id": "1", "object_repr": "root", "action_flag": 2, "change_message": "[]"}}, {"model": "admin.logentry", "pk": 24, "fields": {"action_time": "2024-02-12T04:39:15.167Z", "user": 1, "content_type": 11, "object_id": "1", "object_repr": "root", "action_flag": 2, "change_message": "[]"}}, {"model": "admin.logentry", "pk": 25, "fields": {"action_time": "2024-02-12T04:41:00.582Z", "user": 1, "content_type": 11, "object_id": "1", "object_repr": "root", "action_flag": 2, "change_message": "[]"}}, {"model": "admin.logentry", "pk": 26, "fields": {"action_time": "2024-02-12T04:48:10.038Z", "user": 1, "content_type": 11, "object_id": "1", "object_repr": "root", "action_flag": 2, "change_message": "[{\"changed\": {\"fields\": [\"\\u0424\\u043e\\u0442\\u043e\\u0433\\u0440\\u0430\\u0444\\u0438\\u044f \\u043f\\u0440\\u043e\\u0444\\u0438\\u043b\\u044f\"]}}]"}}, {"model": "admin.logentry", "pk": 27, "fields": {"action_time": "2024-02-12T04:48:55.006Z", "user": 1, "content_type": 11, "object_id": "1", "object_repr": "root", "action_flag": 2, "change_message": "[{\"changed\": {\"fields\": [\"\\u0424\\u043e\\u0442\\u043e\\u0433\\u0440\\u0430\\u0444\\u0438\\u044f \\u043f\\u0440\\u043e\\u0444\\u0438\\u043b\\u044f\"]}}]"}}, {"model": "admin.logentry", "pk": 28, "fields": {"action_time": "2024-02-12T04:50:08.033Z", "user": 1, "content_type": 11, "object_id": "1", "object_repr": "root", "action_flag": 2, "change_message": "[]"}}, {"model": "admin.logentry", "pk": 29, "fields": {"action_time": "2024-02-12T04:51:28.652Z", "user": 1, "content_type": 11, "object_id": "1", "object_repr": "root", "action_flag": 2, "change_message": "[{\"changed\": {\"fields\": [\"\\u0424\\u043e\\u0442\\u043e\\u0433\\u0440\\u0430\\u0444\\u0438\\u044f \\u043f\\u0440\\u043e\\u0444\\u0438\\u043b\\u044f\"]}}]"}}, {"model": "admin.logentry", "pk": 30, "fields": {"action_time": "2024-02-12T04:51:54.185Z", "user": 1, "content_type": 11, "object_id": "1", "object_repr": "root", "action_flag": 2, "change_message": "[{\"changed\": {\"fields\": [\"\\u0424\\u043e\\u0442\\u043e\\u0433\\u0440\\u0430\\u0444\\u0438\\u044f \\u043f\\u0440\\u043e\\u0444\\u0438\\u043b\\u044f\"]}}]"}}, {"model": "admin.logentry", "pk": 31, "fields": {"action_time": "2024-02-12T04:52:23.055Z", "user": 1, "content_type": 11, "object_id": "1", "object_repr": "root", "action_flag": 2, "change_message": "[{\"changed\": {\"fields\": [\"\\u0424\\u043e\\u0442\\u043e\\u0433\\u0440\\u0430\\u0444\\u0438\\u044f \\u043f\\u0440\\u043e\\u0444\\u0438\\u043b\\u044f\"]}}]"}}, {"model": "admin.logentry", "pk": 32, "fields": {"action_time": "2024-02-12T05:39:38.756Z", "user": 1, "content_type": 11, "object_id": "1", "object_repr": "root", "action_flag": 2, "change_message": "[]"}}, {"model": "admin.logentry", "pk": 33, "fields": {"action_time": "2024-02-12T05:58:16.493Z", "user": 1, "content_type": 11, "object_id": "1", "object_repr": "root", "action_flag": 2, "change_message": "[{\"changed\": {\"fields\": [\"\\u0424\\u043e\\u0442\\u043e\\u0433\\u0440\\u0430\\u0444\\u0438\\u044f \\u043f\\u0440\\u043e\\u0444\\u0438\\u043b\\u044f\"]}}]"}}, {"model": "admin.logentry", "pk": 34, "fields": {"action_time": "2024-02-12T05:58:33.725Z", "user": 1, "content_type": 11, "object_id": "1", "object_repr": "root", "action_flag": 2, "change_message": "[{\"changed\": {\"fields\": [\"\\u0424\\u043e\\u0442\\u043e\\u0433\\u0440\\u0430\\u0444\\u0438\\u044f \\u043f\\u0440\\u043e\\u0444\\u0438\\u043b\\u044f\"]}}]"}}, {"model": "admin.logentry", "pk": 35, "fields": {"action_time": "2024-02-12T09:25:40.533Z", "user": 1, "content_type": 7, "object_id": "4", "object_repr": "2 Ввода 2 Потребителя + СВ + ДГУ", "action_flag": 1, "change_message": "[{\"added\": {}}]"}}, {"model": "admin.logentry", "pk": 36, "fields": {"action_time": "2024-02-12T09:29:32.676Z", "user": 1, "content_type": 7, "object_id": "2", "object_repr": "2 Ввода 1 Потребитель 220 AC", "action_flag": 2, "change_message": "[{\"changed\": {\"fields\": [\"\\u0422\\u0438\\u043f \\u0410\\u0412\\u0420\"]}}]"}}, {"model": "admin.logentry", "pk": 37, "fields": {"action_time": "2024-02-12T09:29:49.921Z", "user": 1, "content_type": 7, "object_id": "5", "object_repr": "2 Ввода 1 Потребитель 24 DC", "action_flag": 1, "change_message": "[{\"added\": {}}]"}}, {"model": "admin.logentry", "pk": 38, "fields": {"action_time": "2024-02-12T09:30:00.382Z", "user": 1, "content_type": 7, "object_id": "2", "object_repr": "2 Ввода 1 Потребитель 220 AC", "action_flag": 2, "change_message": "[{\"changed\": {\"fields\": [\"URL\"]}}]"}}, {"model": "admin.logentry", "pk": 39, "fields": {"action_time": "2024-02-12T09:30:35.883Z", "user": 1, "content_type": 7, "object_id": "1", "object_repr": "2 Ввода 2 Потребителя + СВ 220 AC", "action_flag": 2, "change_message": "[{\"changed\": {\"fields\": [\"\\u0422\\u0438\\u043f \\u0410\\u0412\\u0420\", \"URL\"]}}]"}}, {"model": "admin.logentry", "pk": 40, "fields": {"action_time": "2024-02-12T09:30:47.184Z", "user": 1, "content_type": 7, "object_id": "6", "object_repr": "2 Ввода 2 Потребителя + СВ 24 DC", "action_flag": 1, "change_message": "[{\"added\": {}}]"}}, {"model": "admin.logentry", "pk": 41, "fields": {"action_time": "2024-02-12T09:32:45.690Z", "user": 1, "content_type": 7, "object_id": "3", "object_repr": "2 Ввода 1 Потребитель + ДГУ 220 AC", "action_flag": 2, "change_message": "[{\"changed\": {\"fields\": [\"\\u0422\\u0438\\u043f \\u0410\\u0412\\u0420\", \"URL\"]}}]"}}, {"model": "admin.logentry", "pk": 42, "fields": {"action_time": "2024-02-12T09:33:00.208Z", "user": 1, "content_type": 7, "object_id": "7", "object_repr": "2 Ввода 1 Потребитель + ДГУ 24 DC", "action_flag": 1, "change_message": "[{\"added\": {}}]"}}, {"model": "admin.logentry", "pk": 43, "fields": {"action_time": "2024-02-12T09:33:20.461Z", "user": 1, "content_type": 7, "object_id": "8", "object_repr": "1 Ввода 1 Потребитель + ДГУ 220 AC", "action_flag": 1, "change_message": "[{\"added\": {}}]"}}, {"model": "admin.logentry", "pk": 44, "fields": {"action_time": "2024-02-12T09:33:40.189Z", "user": 1, "content_type": 7, "object_id": "9", "object_repr": "1 Ввода 1 Потребитель + ДГУ 24 DC", "action_flag": 1, "change_message": "[{\"added\": {}}]"}}, {"model": "admin.logentry", "pk": 45, "fields": {"action_time": "2024-02-12T09:33:50.567Z", "user": 1, "content_type": 7, "object_id": "9", "object_repr": "1 Ввода 1 Потребитель + ДГУ 24 DC", "action_flag": 2, "change_message": "[{\"changed\": {\"fields\": [\"\\u0414\\u043e\\u0441\\u0442\\u0443\\u043f\"]}}]"}}, {"model": "admin.logentry", "pk": 46, "fields": {"action_time": "2024-02-12T09:33:53.944Z", "user": 1, "content_type": 7, "object_id": "8", "object_repr": "1 Ввода 1 Потребитель + ДГУ 220 AC", "action_flag": 2, "change_message": "[{\"changed\": {\"fields\": [\"\\u0414\\u043e\\u0441\\u0442\\u0443\\u043f\"]}}]"}}, {"model": "admin.logentry", "pk": 47, "fields": {"action_time": "2024-02-12T09:34:15.904Z", "user": 1, "content_type": 7, "object_id": "10", "object_repr": "2 Ввода 2 Потребителя + СВ + ДГУ 24 DC", "action_flag": 1, "change_message": "[{\"added\": {}}]"}}, {"model": "admin.logentry", "pk": 48, "fields": {"action_time": "2024-02-12T09:34:30.910Z", "user": 1, "content_type": 7, "object_id": "4", "object_repr": "2 Ввода 2 Потребителя + СВ + ДГУ 220 AC", "action_flag": 2, "change_message": "[{\"changed\": {\"fields\": [\"\\u0422\\u0438\\u043f \\u0410\\u0412\\u0420\", \"URL\"]}}]"}}, {"model": "admin.logentry", "pk": 49, "fields": {"action_time": "2024-02-15T07:33:43.994Z", "user": 1, "content_type": 4, "object_id": "1", "object_repr": "root", "action_flag": 2, "change_message": "[{\"changed\": {\"fields\": [\"First name\"]}}]"}}, {"model": "admin.logentry", "pk": 50, "fields": {"action_time": "2024-02-15T07:35:01.044Z", "user": 1, "content_type": 4, "object_id": "1", "object_repr": "root", "action_flag": 2, "change_message": "[{\"changed\": {\"fields\": [\"First name\"]}}]"}}, {"model": "admin.logentry", "pk": 51, "fields": {"action_time": "2024-02-15T08:46:36.091Z", "user": 1, "content_type": 12, "object_id": "1", "object_repr": "Типовые решения АВР", "action_flag": 1, "change_message": "[{\"added\": {}}]"}}, {"model": "admin.logentry", "pk": 52, "fields": {"action_time": "2024-02-15T09:05:04.197Z", "user": 1, "content_type": 12, "object_id": "2", "object_repr": "Передача данных", "action_flag": 1, "change_message": "[{\"added\": {}}]"}}, {"model": "admin.logentry", "pk": 53, "fields": {"action_time": "2024-02-15T09:22:40.436Z", "user": 1, "content_type": 12, "object_id": "3", "object_repr": "Индивидуальный подход", "action_flag": 1, "change_message": "[{\"added\": {}}]"}}, {"model": "admin.logentry", "pk": 54, "fields": {"action_time": "2024-02-16T02:16:42.738Z", "user": 1, "content_type": 12, "object_id": "1", "object_repr": "Типовые решения АВР", "action_flag": 2, "change_message": "[{\"changed\": {\"fields\": [\"\\u041e\\u043f\\u0438\\u0441\\u0430\\u043d\\u0438\\u0435\"]}}]"}}, {"model": "admin.logentry", "pk": 55, "fields": {"action_time": "2024-02-16T08:44:23.995Z", "user": 1, "content_type": 7, "object_id": "2", "object_repr": "2 Ввода 1 Потребитель 220 AC", "action_flag": 2, "change_message": "[{\"added\": {\"name\": \"image\", \"object\": \"2 \\u0412\\u0432\\u043e\\u0434\\u0430 1 \\u041f\\u043e\\u0442\\u0440\\u0435\\u0431\\u0438\\u0442\\u0435\\u043b\\u044c 220 AC\"}}]"}}, {"model": "admin.logentry", "pk": 56, "fields": {"action_time": "2024-02-16T08:55:03.733Z", "user": 1, "content_type": 7, "object_id": "1", "object_repr": "2 Ввода 2 Потребителя + СВ 220 AC", "action_flag": 2, "change_message": "[{\"added\": {\"name\": \"image\", \"object\": \"2 \\u0412\\u0432\\u043e\\u0434\\u0430 2 \\u041f\\u043e\\u0442\\u0440\\u0435\\u0431\\u0438\\u0442\\u0435\\u043b\\u044f + \\u0421\\u0412 220 AC\"}}]"}}, {"model": "admin.logentry", "pk": 57, "fields": {"action_time": "2024-02-16T08:55:48.832Z", "user": 1, "content_type": 7, "object_id": "5", "object_repr": "2 Ввода 1 Потребитель 24 DC", "action_flag": 2, "change_message": "[{\"added\": {\"name\": \"image\", \"object\": \"2 \\u0412\\u0432\\u043e\\u0434\\u0430 1 \\u041f\\u043e\\u0442\\u0440\\u0435\\u0431\\u0438\\u0442\\u0435\\u043b\\u044c 24 DC\"}}]"}}, {"model": "admin.logentry", "pk": 58, "fields": {"action_time": "2024-02-16T08:56:11.631Z", "user": 1, "content_type": 7, "object_id": "6", "object_repr": "2 Ввода 2 Потребителя + СВ 24 DC", "action_flag": 2, "change_message": "[{\"added\": {\"name\": \"image\", \"object\": \"2 \\u0412\\u0432\\u043e\\u0434\\u0430 2 \\u041f\\u043e\\u0442\\u0440\\u0435\\u0431\\u0438\\u0442\\u0435\\u043b\\u044f + \\u0421\\u0412 24 DC\"}}]"}}, {"model": "admin.logentry", "pk": 59, "fields": {"action_time": "2024-02-16T08:58:06.603Z", "user": 1, "content_type": 7, "object_id": "7", "object_repr": "2 Ввода 1 Потребитель + ДГУ 24 DC", "action_flag": 2, "change_message": "[{\"added\": {\"name\": \"image\", \"object\": \"2 \\u0412\\u0432\\u043e\\u0434\\u0430 1 \\u041f\\u043e\\u0442\\u0440\\u0435\\u0431\\u0438\\u0442\\u0435\\u043b\\u044c + \\u0414\\u0413\\u0423 24 DC\"}}]"}}, {"model": "admin.logentry", "pk": 60, "fields": {"action_time": "2024-02-16T08:58:35.846Z", "user": 1, "content_type": 7, "object_id": "10", "object_repr": "2 Ввода 2 Потребителя + СВ + ДГУ 24 DC", "action_flag": 2, "change_message": "[{\"added\": {\"name\": \"image\", \"object\": \"2 \\u0412\\u0432\\u043e\\u0434\\u0430 2 \\u041f\\u043e\\u0442\\u0440\\u0435\\u0431\\u0438\\u0442\\u0435\\u043b\\u044f + \\u0421\\u0412 + \\u0414\\u0413\\u0423 24 DC\"}}]"}}, {"model": "admin.logentry", "pk": 61, "fields": {"action_time": "2024-02-16T09:23:37.755Z", "user": 1, "content_type": 7, "object_id": "1", "object_repr": "2 Ввода 2 Потребителя + СВ 220 AC", "action_flag": 2, "change_message": "[{\"deleted\": {\"name\": \"image\", \"object\": \"2 \\u0412\\u0432\\u043e\\u0434\\u0430 2 \\u041f\\u043e\\u0442\\u0440\\u0435\\u0431\\u0438\\u0442\\u0435\\u043b\\u044f + \\u0421\\u0412 220 AC\"}}]"}}, {"model": "admin.logentry", "pk": 62, "fields": {"action_time": "2024-02-16T09:24:16.645Z", "user": 1, "content_type": 7, "object_id": "1", "object_repr": "2 Ввода 2 Потребителя + СВ 220 AC", "action_flag": 2, "change_message": "[{\"added\": {\"name\": \"image\", \"object\": \"2 \\u0412\\u0432\\u043e\\u0434\\u0430 2 \\u041f\\u043e\\u0442\\u0440\\u0435\\u0431\\u0438\\u0442\\u0435\\u043b\\u044f + \\u0421\\u0412 220 AC\"}}]"}}, {"model": "admin.logentry", "pk": 63, "fields": {"action_time": "2024-02-16T09:25:10.167Z", "user": 1, "content_type": 7, "object_id": "1", "object_repr": "2 Ввода 2 Потребителя + СВ 220 AC", "action_flag": 2, "change_message": "[{\"deleted\": {\"name\": \"image\", \"object\": \"2 \\u0412\\u0432\\u043e\\u0434\\u0430 2 \\u041f\\u043e\\u0442\\u0440\\u0435\\u0431\\u0438\\u0442\\u0435\\u043b\\u044f + \\u0421\\u0412 220 AC\"}}]"}}, {"model": "admin.logentry", "pk": 64, "fields": {"action_time": "2024-02-16T09:25:22.095Z", "user": 1, "content_type": 7, "object_id": "1", "object_repr": "2 Ввода 2 Потребителя + СВ 220 AC", "action_flag": 2, "change_message": "[{\"added\": {\"name\": \"image\", \"object\": \"2 \\u0412\\u0432\\u043e\\u0434\\u0430 2 \\u041f\\u043e\\u0442\\u0440\\u0435\\u0431\\u0438\\u0442\\u0435\\u043b\\u044f + \\u0421\\u0412 220 AC\"}}]"}}, {"model": "admin.logentry", "pk": 65, "fields": {"action_time": "2024-02-16T09:26:59.951Z", "user": 1, "content_type": 7, "object_id": "1", "object_repr": "2 Ввода 2 Потребителя + СВ 220 AC", "action_flag": 2, "change_message": "[{\"deleted\": {\"name\": \"image\", \"object\": \"2 \\u0412\\u0432\\u043e\\u0434\\u0430 2 \\u041f\\u043e\\u0442\\u0440\\u0435\\u0431\\u0438\\u0442\\u0435\\u043b\\u044f + \\u0421\\u0412 220 AC\"}}]"}}, {"model": "admin.logentry", "pk": 66, "fields": {"action_time": "2024-02-16T09:27:14.791Z", "user": 1, "content_type": 7, "object_id": "1", "object_repr": "2 Ввода 2 Потребителя + СВ 220 AC", "action_flag": 2, "change_message": "[]"}}, {"model": "admin.logentry", "pk": 67, "fields": {"action_time": "2024-02-16T09:27:25.096Z", "user": 1, "content_type": 7, "object_id": "1", "object_repr": "2 Ввода 2 Потребителя + СВ 220 AC", "action_flag": 2, "change_message": "[{\"added\": {\"name\": \"image\", \"object\": \"2 \\u0412\\u0432\\u043e\\u0434\\u0430 2 \\u041f\\u043e\\u0442\\u0440\\u0435\\u0431\\u0438\\u0442\\u0435\\u043b\\u044f + \\u0421\\u0412 220 AC\"}}]"}}, {"model": "admin.logentry", "pk": 68, "fields": {"action_time": "2024-02-16T09:28:18.785Z", "user": 1, "content_type": 7, "object_id": "1", "object_repr": "2 Ввода 2 Потребителя + СВ 220 AC", "action_flag": 2, "change_message": "[{\"deleted\": {\"name\": \"image\", \"object\": \"2 \\u0412\\u0432\\u043e\\u0434\\u0430 2 \\u041f\\u043e\\u0442\\u0440\\u0435\\u0431\\u0438\\u0442\\u0435\\u043b\\u044f + \\u0421\\u0412 220 AC\"}}]"}}, {"model": "admin.logentry", "pk": 69, "fields": {"action_time": "2024-02-16T09:28:31.803Z", "user": 1, "content_type": 7, "object_id": "1", "object_repr": "2 Ввода 2 Потребителя + СВ 220 AC", "action_flag": 2, "change_message": "[{\"added\": {\"name\": \"image\", \"object\": \"2 \\u0412\\u0432\\u043e\\u0434\\u0430 2 \\u041f\\u043e\\u0442\\u0440\\u0435\\u0431\\u0438\\u0442\\u0435\\u043b\\u044f + \\u0421\\u0412 220 AC\"}}]"}}, {"model": "admin.logentry", "pk": 70, "fields": {"action_time": "2024-02-16T09:28:53.995Z", "user": 1, "content_type": 7, "object_id": "1", "object_repr": "2 Ввода 2 Потребителя + СВ 220 AC", "action_flag": 2, "change_message": "[{\"deleted\": {\"name\": \"image\", \"object\": \"2 \\u0412\\u0432\\u043e\\u0434\\u0430 2 \\u041f\\u043e\\u0442\\u0440\\u0435\\u0431\\u0438\\u0442\\u0435\\u043b\\u044f + \\u0421\\u0412 220 AC\"}}]"}}, {"model": "admin.logentry", "pk": 71, "fields": {"action_time": "2024-02-16T09:29:13.441Z", "user": 1, "content_type": 7, "object_id": "1", "object_repr": "2 Ввода 2 Потребителя + СВ 220 AC", "action_flag": 2, "change_message": "[{\"added\": {\"name\": \"image\", \"object\": \"2 \\u0412\\u0432\\u043e\\u0434\\u0430 2 \\u041f\\u043e\\u0442\\u0440\\u0435\\u0431\\u0438\\u0442\\u0435\\u043b\\u044f + \\u0421\\u0412 220 AC\"}}]"}}, {"model": "admin.logentry", "pk": 72, "fields": {"action_time": "2024-02-16T09:29:34.297Z", "user": 1, "content_type": 7, "object_id": "1", "object_repr": "2 Ввода 2 Потребителя + СВ 220 AC", "action_flag": 2, "change_message": "[{\"deleted\": {\"name\": \"image\", \"object\": \"2 \\u0412\\u0432\\u043e\\u0434\\u0430 2 \\u041f\\u043e\\u0442\\u0440\\u0435\\u0431\\u0438\\u0442\\u0435\\u043b\\u044f + \\u0421\\u0412 220 AC\"}}]"}}, {"model": "admin.logentry", "pk": 73, "fields": {"action_time": "2024-02-16T09:29:52.007Z", "user": 1, "content_type": 7, "object_id": "1", "object_repr": "2 Ввода 2 Потребителя + СВ 220 AC", "action_flag": 2, "change_message": "[{\"added\": {\"name\": \"image\", \"object\": \"2 \\u0412\\u0432\\u043e\\u0434\\u0430 2 \\u041f\\u043e\\u0442\\u0440\\u0435\\u0431\\u0438\\u0442\\u0435\\u043b\\u044f + \\u0421\\u0412 220 AC\"}}]"}}, {"model": "admin.logentry", "pk": 74, "fields": {"action_time": "2024-02-16T09:30:09.066Z", "user": 1, "content_type": 7, "object_id": "1", "object_repr": "2 Ввода 2 Потребителя + СВ 220 AC", "action_flag": 2, "change_message": "[{\"deleted\": {\"name\": \"image\", \"object\": \"2 \\u0412\\u0432\\u043e\\u0434\\u0430 2 \\u041f\\u043e\\u0442\\u0440\\u0435\\u0431\\u0438\\u0442\\u0435\\u043b\\u044f + \\u0421\\u0412 220 AC\"}}]"}}, {"model": "admin.logentry", "pk": 75, "fields": {"action_time": "2024-02-16T09:30:19.662Z", "user": 1, "content_type": 7, "object_id": "1", "object_repr": "2 Ввода 2 Потребителя + СВ 220 AC", "action_flag": 2, "change_message": "[{\"added\": {\"name\": \"image\", \"object\": \"2 \\u0412\\u0432\\u043e\\u0434\\u0430 2 \\u041f\\u043e\\u0442\\u0440\\u0435\\u0431\\u0438\\u0442\\u0435\\u043b\\u044f + \\u0421\\u0412 220 AC\"}}]"}}, {"model": "admin.logentry", "pk": 76, "fields": {"action_time": "2024-02-16T09:30:53.273Z", "user": 1, "content_type": 7, "object_id": "1", "object_repr": "2 Ввода 2 Потребителя + СВ 220 AC", "action_flag": 2, "change_message": "[{\"deleted\": {\"name\": \"image\", \"object\": \"2 \\u0412\\u0432\\u043e\\u0434\\u0430 2 \\u041f\\u043e\\u0442\\u0440\\u0435\\u0431\\u0438\\u0442\\u0435\\u043b\\u044f + \\u0421\\u0412 220 AC\"}}]"}}, {"model": "admin.logentry", "pk": 77, "fields": {"action_time": "2024-02-16T09:31:03.417Z", "user": 1, "content_type": 7, "object_id": "1", "object_repr": "2 Ввода 2 Потребителя + СВ 220 AC", "action_flag": 2, "change_message": "[{\"added\": {\"name\": \"image\", \"object\": \"2 \\u0412\\u0432\\u043e\\u0434\\u0430 2 \\u041f\\u043e\\u0442\\u0440\\u0435\\u0431\\u0438\\u0442\\u0435\\u043b\\u044f + \\u0421\\u0412 220 AC\"}}]"}}, {"model": "admin.logentry", "pk": 78, "fields": {"action_time": "2024-02-16T09:31:48.968Z", "user": 1, "content_type": 7, "object_id": "2", "object_repr": "2 Ввода 1 Потребитель 220 AC", "action_flag": 2, "change_message": "[{\"deleted\": {\"name\": \"image\", \"object\": \"2 \\u0412\\u0432\\u043e\\u0434\\u0430 1 \\u041f\\u043e\\u0442\\u0440\\u0435\\u0431\\u0438\\u0442\\u0435\\u043b\\u044c 220 AC\"}}]"}}, {"model": "admin.logentry", "pk": 79, "fields": {"action_time": "2024-02-16T09:32:12.951Z", "user": 1, "content_type": 7, "object_id": "2", "object_repr": "2 Ввода 1 Потребитель 220 AC", "action_flag": 2, "change_message": "[{\"added\": {\"name\": \"image\", \"object\": \"2 \\u0412\\u0432\\u043e\\u0434\\u0430 1 \\u041f\\u043e\\u0442\\u0440\\u0435\\u0431\\u0438\\u0442\\u0435\\u043b\\u044c 220 AC\"}}]"}}, {"model": "admin.logentry", "pk": 80, "fields": {"action_time": "2024-02-16T09:32:51.688Z", "user": 1, "content_type": 7, "object_id": "2", "object_repr": "2 Ввода 1 Потребитель 220 AC", "action_flag": 2, "change_message": "[{\"deleted\": {\"name\": \"image\", \"object\": \"2 \\u0412\\u0432\\u043e\\u0434\\u0430 1 \\u041f\\u043e\\u0442\\u0440\\u0435\\u0431\\u0438\\u0442\\u0435\\u043b\\u044c 220 AC\"}}]"}}, {"model": "admin.logentry", "pk": 81, "fields": {"action_time": "2024-02-16T09:32:59.508Z", "user": 1, "content_type": 7, "object_id": "2", "object_repr": "2 Ввода 1 Потребитель 220 AC", "action_flag": 2, "change_message": "[{\"added\": {\"name\": \"image\", \"object\": \"2 \\u0412\\u0432\\u043e\\u0434\\u0430 1 \\u041f\\u043e\\u0442\\u0440\\u0435\\u0431\\u0438\\u0442\\u0435\\u043b\\u044c 220 AC\"}}]"}}, {"model": "admin.logentry", "pk": 82, "fields": {"action_time": "2024-02-16T09:33:30.806Z", "user": 1, "content_type": 7, "object_id": "2", "object_repr": "2 Ввода 1 Потребитель 220 AC", "action_flag": 2, "change_message": "[{\"deleted\": {\"name\": \"image\", \"object\": \"2 \\u0412\\u0432\\u043e\\u0434\\u0430 1 \\u041f\\u043e\\u0442\\u0440\\u0435\\u0431\\u0438\\u0442\\u0435\\u043b\\u044c 220 AC\"}}]"}}, {"model": "admin.logentry", "pk": 83, "fields": {"action_time": "2024-02-16T09:33:37.943Z", "user": 1, "content_type": 7, "object_id": "2", "object_repr": "2 Ввода 1 Потребитель 220 AC", "action_flag": 2, "change_message": "[{\"added\": {\"name\": \"image\", \"object\": \"2 \\u0412\\u0432\\u043e\\u0434\\u0430 1 \\u041f\\u043e\\u0442\\u0440\\u0435\\u0431\\u0438\\u0442\\u0435\\u043b\\u044c 220 AC\"}}]"}}, {"model": "admin.logentry", "pk": 84, "fields": {"action_time": "2024-02-16T09:34:18.245Z", "user": 1, "content_type": 7, "object_id": "2", "object_repr": "2 Ввода 1 Потребитель 220 AC", "action_flag": 2, "change_message": "[{\"deleted\": {\"name\": \"image\", \"object\": \"2 \\u0412\\u0432\\u043e\\u0434\\u0430 1 \\u041f\\u043e\\u0442\\u0440\\u0435\\u0431\\u0438\\u0442\\u0435\\u043b\\u044c 220 AC\"}}]"}}, {"model": "admin.logentry", "pk": 85, "fields": {"action_time": "2024-02-16T09:34:32.779Z", "user": 1, "content_type": 7, "object_id": "2", "object_repr": "2 Ввода 1 Потребитель 220 AC", "action_flag": 2, "change_message": "[{\"added\": {\"name\": \"image\", \"object\": \"2 \\u0412\\u0432\\u043e\\u0434\\u0430 1 \\u041f\\u043e\\u0442\\u0440\\u0435\\u0431\\u0438\\u0442\\u0435\\u043b\\u044c 220 AC\"}}]"}}, {"model": "admin.logentry", "pk": 86, "fields": {"action_time": "2024-02-16T09:35:13.170Z", "user": 1, "content_type": 7, "object_id": "2", "object_repr": "2 Ввода 1 Потребитель 220 AC", "action_flag": 2, "change_message": "[{\"deleted\": {\"name\": \"image\", \"object\": \"2 \\u0412\\u0432\\u043e\\u0434\\u0430 1 \\u041f\\u043e\\u0442\\u0440\\u0435\\u0431\\u0438\\u0442\\u0435\\u043b\\u044c 220 AC\"}}]"}}, {"model": "admin.logentry", "pk": 87, "fields": {"action_time": "2024-02-16T09:35:26.125Z", "user": 1, "content_type": 7, "object_id": "2", "object_repr": "2 Ввода 1 Потребитель 220 AC", "action_flag": 2, "change_message": "[{\"added\": {\"name\": \"image\", \"object\": \"2 \\u0412\\u0432\\u043e\\u0434\\u0430 1 \\u041f\\u043e\\u0442\\u0440\\u0435\\u0431\\u0438\\u0442\\u0435\\u043b\\u044c 220 AC\"}}]"}}, {"model": "admin.logentry", "pk": 88, "fields": {"action_time": "2024-02-16T09:35:33.270Z", "user": 1, "content_type": 7, "object_id": "1", "object_repr": "2 Ввода 2 Потребителя + СВ 220 AC", "action_flag": 2, "change_message": "[{\"deleted\": {\"name\": \"image\", \"object\": \"2 \\u0412\\u0432\\u043e\\u0434\\u0430 2 \\u041f\\u043e\\u0442\\u0440\\u0435\\u0431\\u0438\\u0442\\u0435\\u043b\\u044f + \\u0421\\u0412 220 AC\"}}]"}}, {"model": "admin.logentry", "pk": 89, "fields": {"action_time": "2024-02-16T09:35:42.312Z", "user": 1, "content_type": 7, "object_id": "1", "object_repr": "2 Ввода 2 Потребителя + СВ 220 AC", "action_flag": 2, "change_message": "[{\"added\": {\"name\": \"image\", \"object\": \"2 \\u0412\\u0432\\u043e\\u0434\\u0430 2 \\u041f\\u043e\\u0442\\u0440\\u0435\\u0431\\u0438\\u0442\\u0435\\u043b\\u044f + \\u0421\\u0412 220 AC\"}}]"}}, {"model": "admin.logentry", "pk": 90, "fields": {"action_time": "2024-02-16T09:36:11.121Z", "user": 1, "content_type": 7, "object_id": "1", "object_repr": "2 Ввода 2 Потребителя + СВ 220 AC", "action_flag": 2, "change_message": "[{\"deleted\": {\"name\": \"image\", \"object\": \"2 \\u0412\\u0432\\u043e\\u0434\\u0430 2 \\u041f\\u043e\\u0442\\u0440\\u0435\\u0431\\u0438\\u0442\\u0435\\u043b\\u044f + \\u0421\\u0412 220 AC\"}}]"}}, {"model": "admin.logentry", "pk": 91, "fields": {"action_time": "2024-02-16T09:36:20.858Z", "user": 1, "content_type": 7, "object_id": "1", "object_repr": "2 Ввода 2 Потребителя + СВ 220 AC", "action_flag": 2, "change_message": "[{\"added\": {\"name\": \"image\", \"object\": \"2 \\u0412\\u0432\\u043e\\u0434\\u0430 2 \\u041f\\u043e\\u0442\\u0440\\u0435\\u0431\\u0438\\u0442\\u0435\\u043b\\u044f + \\u0421\\u0412 220 AC\"}}]"}}, {"model": "admin.logentry", "pk": 92, "fields": {"action_time": "2024-02-16T09:36:29.693Z", "user": 1, "content_type": 7, "object_id": "5", "object_repr": "2 Ввода 1 Потребитель 24 DC", "action_flag": 2, "change_message": "[{\"deleted\": {\"name\": \"image\", \"object\": \"2 \\u0412\\u0432\\u043e\\u0434\\u0430 1 \\u041f\\u043e\\u0442\\u0440\\u0435\\u0431\\u0438\\u0442\\u0435\\u043b\\u044c 24 DC\"}}]"}}, {"model": "admin.logentry", "pk": 93, "fields": {"action_time": "2024-02-16T09:36:44.747Z", "user": 1, "content_type": 7, "object_id": "5", "object_repr": "2 Ввода 1 Потребитель 24 DC", "action_flag": 2, "change_message": "[{\"added\": {\"name\": \"image\", \"object\": \"2 \\u0412\\u0432\\u043e\\u0434\\u0430 1 \\u041f\\u043e\\u0442\\u0440\\u0435\\u0431\\u0438\\u0442\\u0435\\u043b\\u044c 24 DC\"}}]"}}, {"model": "admin.logentry", "pk": 94, "fields": {"action_time": "2024-02-16T09:38:37.646Z", "user": 1, "content_type": 7, "object_id": "6", "object_repr": "2 Ввода 2 Потребителя + СВ 24 DC", "action_flag": 2, "change_message": "[{\"deleted\": {\"name\": \"image\", \"object\": \"2 \\u0412\\u0432\\u043e\\u0434\\u0430 2 \\u041f\\u043e\\u0442\\u0440\\u0435\\u0431\\u0438\\u0442\\u0435\\u043b\\u044f + \\u0421\\u0412 24 DC\"}}]"}}, {"model": "admin.logentry", "pk": 95, "fields": {"action_time": "2024-02-16T09:38:56.665Z", "user": 1, "content_type": 7, "object_id": "6", "object_repr": "2 Ввода 2 Потребителя + СВ 24 DC", "action_flag": 2, "change_message": "[{\"added\": {\"name\": \"image\", \"object\": \"2 \\u0412\\u0432\\u043e\\u0434\\u0430 2 \\u041f\\u043e\\u0442\\u0440\\u0435\\u0431\\u0438\\u0442\\u0435\\u043b\\u044f + \\u0421\\u0412 24 DC\"}}]"}}, {"model": "admin.logentry", "pk": 96, "fields": {"action_time": "2024-02-16T09:39:15.640Z", "user": 1, "content_type": 7, "object_id": "6", "object_repr": "2 Ввода 2 Потребителя + СВ 24 DC", "action_flag": 2, "change_message": "[{\"deleted\": {\"name\": \"image\", \"object\": \"2 \\u0412\\u0432\\u043e\\u0434\\u0430 2 \\u041f\\u043e\\u0442\\u0440\\u0435\\u0431\\u0438\\u0442\\u0435\\u043b\\u044f + \\u0421\\u0412 24 DC\"}}]"}}, {"model": "admin.logentry", "pk": 97, "fields": {"action_time": "2024-02-16T09:39:39.474Z", "user": 1, "content_type": 7, "object_id": "6", "object_repr": "2 Ввода 2 Потребителя + СВ 24 DC", "action_flag": 2, "change_message": "[{\"added\": {\"name\": \"image\", \"object\": \"2 \\u0412\\u0432\\u043e\\u0434\\u0430 2 \\u041f\\u043e\\u0442\\u0440\\u0435\\u0431\\u0438\\u0442\\u0435\\u043b\\u044f + \\u0421\\u0412 24 DC\"}}]"}}, {"model": "admin.logentry", "pk": 98, "fields": {"action_time": "2024-02-16T09:49:47.743Z", "user": 1, "content_type": 7, "object_id": "7", "object_repr": "2 Ввода 1 Потребитель + ДГУ 24 DC", "action_flag": 2, "change_message": "[{\"deleted\": {\"name\": \"image\", \"object\": \"2 \\u0412\\u0432\\u043e\\u0434\\u0430 1 \\u041f\\u043e\\u0442\\u0440\\u0435\\u0431\\u0438\\u0442\\u0435\\u043b\\u044c + \\u0414\\u0413\\u0423 24 DC\"}}]"}}, {"model": "admin.logentry", "pk": 99, "fields": {"action_time": "2024-02-16T09:50:11.200Z", "user": 1, "content_type": 7, "object_id": "7", "object_repr": "2 Ввода 1 Потребитель + ДГУ 24 DC", "action_flag": 2, "change_message": "[{\"added\": {\"name\": \"image\", \"object\": \"2 \\u0412\\u0432\\u043e\\u0434\\u0430 1 \\u041f\\u043e\\u0442\\u0440\\u0435\\u0431\\u0438\\u0442\\u0435\\u043b\\u044c + \\u0414\\u0413\\u0423 24 DC\"}}]"}}, {"model": "admin.logentry", "pk": 100, "fields": {"action_time": "2024-02-16T09:50:24.015Z", "user": 1, "content_type": 7, "object_id": "7", "object_repr": "2 Ввода 1 Потребитель + ДГУ 24 DC", "action_flag": 2, "change_message": "[{\"deleted\": {\"name\": \"image\", \"object\": \"2 \\u0412\\u0432\\u043e\\u0434\\u0430 1 \\u041f\\u043e\\u0442\\u0440\\u0435\\u0431\\u0438\\u0442\\u0435\\u043b\\u044c + \\u0414\\u0413\\u0423 24 DC\"}}]"}}, {"model": "admin.logentry", "pk": 101, "fields": {"action_time": "2024-02-16T09:50:33.862Z", "user": 1, "content_type": 7, "object_id": "7", "object_repr": "2 Ввода 1 Потребитель + ДГУ 24 DC", "action_flag": 2, "change_message": "[{\"added\": {\"name\": \"image\", \"object\": \"2 \\u0412\\u0432\\u043e\\u0434\\u0430 1 \\u041f\\u043e\\u0442\\u0440\\u0435\\u0431\\u0438\\u0442\\u0435\\u043b\\u044c + \\u0414\\u0413\\u0423 24 DC\"}}]"}}, {"model": "admin.logentry", "pk": 102, "fields": {"action_time": "2024-02-16T09:50:51.128Z", "user": 1, "content_type": 7, "object_id": "7", "object_repr": "2 Ввода 1 Потребитель + ДГУ 24 DC", "action_flag": 2, "change_message": "[{\"deleted\": {\"name\": \"image\", \"object\": \"2 \\u0412\\u0432\\u043e\\u0434\\u0430 1 \\u041f\\u043e\\u0442\\u0440\\u0435\\u0431\\u0438\\u0442\\u0435\\u043b\\u044c + \\u0414\\u0413\\u0423 24 DC\"}}]"}}, {"model": "admin.logentry", "pk": 103, "fields": {"action_time": "2024-02-16T09:51:41.482Z", "user": 1, "content_type": 7, "object_id": "7", "object_repr": "2 Ввода 1 Потребитель + ДГУ 24 DC", "action_flag": 2, "change_message": "[{\"added\": {\"name\": \"image\", \"object\": \"2 \\u0412\\u0432\\u043e\\u0434\\u0430 1 \\u041f\\u043e\\u0442\\u0440\\u0435\\u0431\\u0438\\u0442\\u0435\\u043b\\u044c + \\u0414\\u0413\\u0423 24 DC\"}}]"}}, {"model": "admin.logentry", "pk": 104, "fields": {"action_time": "2024-02-16T09:51:54.662Z", "user": 1, "content_type": 7, "object_id": "7", "object_repr": "2 Ввода 1 Потребитель + ДГУ 24 DC", "action_flag": 2, "change_message": "[{\"deleted\": {\"name\": \"image\", \"object\": \"2 \\u0412\\u0432\\u043e\\u0434\\u0430 1 \\u041f\\u043e\\u0442\\u0440\\u0435\\u0431\\u0438\\u0442\\u0435\\u043b\\u044c + \\u0414\\u0413\\u0423 24 DC\"}}]"}}, {"model": "admin.logentry", "pk": 105, "fields": {"action_time": "2024-02-16T09:52:19.331Z", "user": 1, "content_type": 7, "object_id": "7", "object_repr": "2 Ввода 1 Потребитель + ДГУ 24 DC", "action_flag": 2, "change_message": "[{\"added\": {\"name\": \"image\", \"object\": \"2 \\u0412\\u0432\\u043e\\u0434\\u0430 1 \\u041f\\u043e\\u0442\\u0440\\u0435\\u0431\\u0438\\u0442\\u0435\\u043b\\u044c + \\u0414\\u0413\\u0423 24 DC\"}}]"}}, {"model": "admin.logentry", "pk": 106, "fields": {"action_time": "2024-02-16T09:52:46.976Z", "user": 1, "content_type": 7, "object_id": "7", "object_repr": "2 Ввода 1 Потребитель + ДГУ 24 DC", "action_flag": 2, "change_message": "[{\"deleted\": {\"name\": \"image\", \"object\": \"2 \\u0412\\u0432\\u043e\\u0434\\u0430 1 \\u041f\\u043e\\u0442\\u0440\\u0435\\u0431\\u0438\\u0442\\u0435\\u043b\\u044c + \\u0414\\u0413\\u0423 24 DC\"}}]"}}, {"model": "admin.logentry", "pk": 107, "fields": {"action_time": "2024-02-16T09:52:59.322Z", "user": 1, "content_type": 7, "object_id": "7", "object_repr": "2 Ввода 1 Потребитель + ДГУ 24 DC", "action_flag": 2, "change_message": "[{\"added\": {\"name\": \"image\", \"object\": \"2 \\u0412\\u0432\\u043e\\u0434\\u0430 1 \\u041f\\u043e\\u0442\\u0440\\u0435\\u0431\\u0438\\u0442\\u0435\\u043b\\u044c + \\u0414\\u0413\\u0423 24 DC\"}}]"}}, {"model": "admin.logentry", "pk": 108, "fields": {"action_time": "2024-02-16T09:53:25.569Z", "user": 1, "content_type": 7, "object_id": "7", "object_repr": "2 Ввода 1 Потребитель + ДГУ 24 DC", "action_flag": 2, "change_message": "[{\"deleted\": {\"name\": \"image\", \"object\": \"2 \\u0412\\u0432\\u043e\\u0434\\u0430 1 \\u041f\\u043e\\u0442\\u0440\\u0435\\u0431\\u0438\\u0442\\u0435\\u043b\\u044c + \\u0414\\u0413\\u0423 24 DC\"}}]"}}, {"model": "admin.logentry", "pk": 109, "fields": {"action_time": "2024-02-16T09:53:34.540Z", "user": 1, "content_type": 7, "object_id": "7", "object_repr": "2 Ввода 1 Потребитель + ДГУ 24 DC", "action_flag": 2, "change_message": "[{\"added\": {\"name\": \"image\", \"object\": \"2 \\u0412\\u0432\\u043e\\u0434\\u0430 1 \\u041f\\u043e\\u0442\\u0440\\u0435\\u0431\\u0438\\u0442\\u0435\\u043b\\u044c + \\u0414\\u0413\\u0423 24 DC\"}}]"}}, {"model": "admin.logentry", "pk": 110, "fields": {"action_time": "2024-02-19T01:16:13.419Z", "user": 1, "content_type": 7, "object_id": "10", "object_repr": "2 Ввода 2 Потребителя + СВ + ДГУ 24 DC", "action_flag": 2, "change_message": "[{\"deleted\": {\"name\": \"image\", \"object\": \"2 \\u0412\\u0432\\u043e\\u0434\\u0430 2 \\u041f\\u043e\\u0442\\u0440\\u0435\\u0431\\u0438\\u0442\\u0435\\u043b\\u044f + \\u0421\\u0412 + \\u0414\\u0413\\u0423 24 DC\"}}]"}}, {"model": "admin.logentry", "pk": 111, "fields": {"action_time": "2024-02-19T01:16:31.797Z", "user": 1, "content_type": 7, "object_id": "10", "object_repr": "2 Ввода 2 Потребителя + СВ + ДГУ 24 DC", "action_flag": 2, "change_message": "[{\"added\": {\"name\": \"image\", \"object\": \"2 \\u0412\\u0432\\u043e\\u0434\\u0430 2 \\u041f\\u043e\\u0442\\u0440\\u0435\\u0431\\u0438\\u0442\\u0435\\u043b\\u044f + \\u0421\\u0412 + \\u0414\\u0413\\u0423 24 DC\"}}]"}}, {"model": "admin.logentry", "pk": 112, "fields": {"action_time": "2024-02-19T01:16:51.269Z", "user": 1, "content_type": 7, "object_id": "10", "object_repr": "2 Ввода 2 Потребителя + СВ + ДГУ 24 DC", "action_flag": 2, "change_message": "[{\"deleted\": {\"name\": \"image\", \"object\": \"2 \\u0412\\u0432\\u043e\\u0434\\u0430 2 \\u041f\\u043e\\u0442\\u0440\\u0435\\u0431\\u0438\\u0442\\u0435\\u043b\\u044f + \\u0421\\u0412 + \\u0414\\u0413\\u0423 24 DC\"}}]"}}, {"model": "admin.logentry", "pk": 113, "fields": {"action_time": "2024-02-19T01:17:22.983Z", "user": 1, "content_type": 7, "object_id": "10", "object_repr": "2 Ввода 2 Потребителя + СВ + ДГУ 24 DC", "action_flag": 2, "change_message": "[{\"added\": {\"name\": \"image\", \"object\": \"2 \\u0412\\u0432\\u043e\\u0434\\u0430 2 \\u041f\\u043e\\u0442\\u0440\\u0435\\u0431\\u0438\\u0442\\u0435\\u043b\\u044f + \\u0421\\u0412 + \\u0414\\u0413\\u0423 24 DC\"}}]"}}, {"model": "admin.logentry", "pk": 114, "fields": {"action_time": "2024-02-19T01:17:45.280Z", "user": 1, "content_type": 7, "object_id": "10", "object_repr": "2 Ввода 2 Потребителя + СВ + ДГУ 24 DC", "action_flag": 2, "change_message": "[{\"deleted\": {\"name\": \"image\", \"object\": \"2 \\u0412\\u0432\\u043e\\u0434\\u0430 2 \\u041f\\u043e\\u0442\\u0440\\u0435\\u0431\\u0438\\u0442\\u0435\\u043b\\u044f + \\u0421\\u0412 + \\u0414\\u0413\\u0423 24 DC\"}}]"}}, {"model": "admin.logentry", "pk": 115, "fields": {"action_time": "2024-02-19T01:18:17.536Z", "user": 1, "content_type": 7, "object_id": "10", "object_repr": "2 Ввода 2 Потребителя + СВ + ДГУ 24 DC", "action_flag": 2, "change_message": "[{\"added\": {\"name\": \"image\", \"object\": \"2 \\u0412\\u0432\\u043e\\u0434\\u0430 2 \\u041f\\u043e\\u0442\\u0440\\u0435\\u0431\\u0438\\u0442\\u0435\\u043b\\u044f + \\u0421\\u0412 + \\u0414\\u0413\\u0423 24 DC\"}}]"}}, {"model": "admin.logentry", "pk": 116, "fields": {"action_time": "2024-02-19T01:21:06.650Z", "user": 1, "content_type": 7, "object_id": "10", "object_repr": "2 Ввода 2 Потребителя + СВ + ДГУ 24 DC", "action_flag": 2, "change_message": "[{\"deleted\": {\"name\": \"image\", \"object\": \"2 \\u0412\\u0432\\u043e\\u0434\\u0430 2 \\u041f\\u043e\\u0442\\u0440\\u0435\\u0431\\u0438\\u0442\\u0435\\u043b\\u044f + \\u0421\\u0412 + \\u0414\\u0413\\u0423 24 DC\"}}]"}}, {"model": "admin.logentry", "pk": 117, "fields": {"action_time": "2024-02-19T01:22:07.742Z", "user": 1, "content_type": 7, "object_id": "10", "object_repr": "2 Ввода 2 Потребителя + СВ + ДГУ 24 DC", "action_flag": 2, "change_message": "[{\"added\": {\"name\": \"image\", \"object\": \"2 \\u0412\\u0432\\u043e\\u0434\\u0430 2 \\u041f\\u043e\\u0442\\u0440\\u0435\\u0431\\u0438\\u0442\\u0435\\u043b\\u044f + \\u0421\\u0412 + \\u0414\\u0413\\u0423 24 DC\"}}]"}}, {"model": "admin.logentry", "pk": 118, "fields": {"action_time": "2024-02-19T01:22:30.084Z", "user": 1, "content_type": 7, "object_id": "7", "object_repr": "2 Ввода 1 Потребитель + ДГУ 24 DC", "action_flag": 2, "change_message": "[{\"deleted\": {\"name\": \"image\", \"object\": \"2 \\u0412\\u0432\\u043e\\u0434\\u0430 1 \\u041f\\u043e\\u0442\\u0440\\u0435\\u0431\\u0438\\u0442\\u0435\\u043b\\u044c + \\u0414\\u0413\\u0423 24 DC\"}}]"}}, {"model": "admin.logentry", "pk": 119, "fields": {"action_time": "2024-02-19T01:22:51.092Z", "user": 1, "content_type": 7, "object_id": "7", "object_repr": "2 Ввода 1 Потребитель + ДГУ 24 DC", "action_flag": 2, "change_message": "[{\"added\": {\"name\": \"image\", \"object\": \"2 \\u0412\\u0432\\u043e\\u0434\\u0430 1 \\u041f\\u043e\\u0442\\u0440\\u0435\\u0431\\u0438\\u0442\\u0435\\u043b\\u044c + \\u0414\\u0413\\u0423 24 DC\"}}]"}}, {"model": "admin.logentry", "pk": 120, "fields": {"action_time": "2024-02-19T01:23:01.059Z", "user": 1, "content_type": 7, "object_id": "6", "object_repr": "2 Ввода 2 Потребителя + СВ 24 DC", "action_flag": 2, "change_message": "[{\"deleted\": {\"name\": \"image\", \"object\": \"2 \\u0412\\u0432\\u043e\\u0434\\u0430 2 \\u041f\\u043e\\u0442\\u0440\\u0435\\u0431\\u0438\\u0442\\u0435\\u043b\\u044f + \\u0421\\u0412 24 DC\"}}]"}}, {"model": "admin.logentry", "pk": 121, "fields": {"action_time": "2024-02-19T01:23:13.728Z", "user": 1, "content_type": 7, "object_id": "6", "object_repr": "2 Ввода 2 Потребителя + СВ 24 DC", "action_flag": 2, "change_message": "[{\"added\": {\"name\": \"image\", \"object\": \"2 \\u0412\\u0432\\u043e\\u0434\\u0430 2 \\u041f\\u043e\\u0442\\u0440\\u0435\\u0431\\u0438\\u0442\\u0435\\u043b\\u044f + \\u0421\\u0412 24 DC\"}}]"}}, {"model": "admin.logentry", "pk": 122, "fields": {"action_time": "2024-02-19T01:23:19.673Z", "user": 1, "content_type": 7, "object_id": "5", "object_repr": "2 Ввода 1 Потребитель 24 DC", "action_flag": 2, "change_message": "[{\"deleted\": {\"name\": \"image\", \"object\": \"2 \\u0412\\u0432\\u043e\\u0434\\u0430 1 \\u041f\\u043e\\u0442\\u0440\\u0435\\u0431\\u0438\\u0442\\u0435\\u043b\\u044c 24 DC\"}}]"}}, {"model": "admin.logentry", "pk": 123, "fields": {"action_time": "2024-02-19T01:23:34.422Z", "user": 1, "content_type": 7, "object_id": "5", "object_repr": "2 Ввода 1 Потребитель 24 DC", "action_flag": 2, "change_message": "[{\"added\": {\"name\": \"image\", \"object\": \"2 \\u0412\\u0432\\u043e\\u0434\\u0430 1 \\u041f\\u043e\\u0442\\u0440\\u0435\\u0431\\u0438\\u0442\\u0435\\u043b\\u044c 24 DC\"}}]"}}, {"model": "admin.logentry", "pk": 124, "fields": {"action_time": "2024-02-19T01:23:44.568Z", "user": 1, "content_type": 7, "object_id": "2", "object_repr": "2 Ввода 1 Потребитель 220 AC", "action_flag": 2, "change_message": "[{\"deleted\": {\"name\": \"image\", \"object\": \"2 \\u0412\\u0432\\u043e\\u0434\\u0430 1 \\u041f\\u043e\\u0442\\u0440\\u0435\\u0431\\u0438\\u0442\\u0435\\u043b\\u044c 220 AC\"}}]"}}, {"model": "admin.logentry", "pk": 125, "fields": {"action_time": "2024-02-19T01:23:56.906Z", "user": 1, "content_type": 7, "object_id": "2", "object_repr": "2 Ввода 1 Потребитель 220 AC", "action_flag": 2, "change_message": "[{\"added\": {\"name\": \"image\", \"object\": \"2 \\u0412\\u0432\\u043e\\u0434\\u0430 1 \\u041f\\u043e\\u0442\\u0440\\u0435\\u0431\\u0438\\u0442\\u0435\\u043b\\u044c 220 AC\"}}]"}}, {"model": "admin.logentry", "pk": 126, "fields": {"action_time": "2024-02-19T01:24:02.619Z", "user": 1, "content_type": 7, "object_id": "1", "object_repr": "2 Ввода 2 Потребителя + СВ 220 AC", "action_flag": 2, "change_message": "[{\"deleted\": {\"name\": \"image\", \"object\": \"2 \\u0412\\u0432\\u043e\\u0434\\u0430 2 \\u041f\\u043e\\u0442\\u0440\\u0435\\u0431\\u0438\\u0442\\u0435\\u043b\\u044f + \\u0421\\u0412 220 AC\"}}]"}}, {"model": "admin.logentry", "pk": 127, "fields": {"action_time": "2024-02-19T01:24:16.591Z", "user": 1, "content_type": 7, "object_id": "1", "object_repr": "2 Ввода 2 Потребителя + СВ 220 AC", "action_flag": 2, "change_message": "[{\"added\": {\"name\": \"image\", \"object\": \"2 \\u0412\\u0432\\u043e\\u0434\\u0430 2 \\u041f\\u043e\\u0442\\u0440\\u0435\\u0431\\u0438\\u0442\\u0435\\u043b\\u044f + \\u0421\\u0412 220 AC\"}}]"}}, {"model": "admin.logentry", "pk": 128, "fields": {"action_time": "2024-02-19T03:31:51.075Z", "user": 1, "content_type": 14, "object_id": "1", "object_repr": "Архивы", "action_flag": 1, "change_message": "[{\"added\": {}}]"}}, {"model": "admin.logentry", "pk": 129, "fields": {"action_time": "2024-02-19T03:32:32.094Z", "user": 1, "content_type": 14, "object_id": "2", "object_repr": "Ввод резерва", "action_flag": 1, "change_message": "[{\"added\": {}}]"}}, {"model": "admin.logentry", "pk": 130, "fields": {"action_time": "2024-02-19T03:32:55.039Z", "user": 1, "content_type": 14, "object_id": "3", "object_repr": "Гибкость настройки", "action_flag": 1, "change_message": "[{\"added\": {}}]"}}, {"model": "admin.logentry", "pk": 131, "fields": {"action_time": "2024-02-19T03:33:12.821Z", "user": 1, "content_type": 14, "object_id": "4", "object_repr": "Готовое решение", "action_flag": 1, "change_message": "[{\"added\": {}}]"}}, {"model": "admin.logentry", "pk": 132, "fields": {"action_time": "2024-02-19T03:33:28.372Z", "user": 1, "content_type": 14, "object_id": "5", "object_repr": "Документация", "action_flag": 1, "change_message": "[{\"added\": {}}]"}}, {"model": "admin.logentry", "pk": 133, "fields": {"action_time": "2024-02-19T03:33:43.177Z", "user": 1, "content_type": 14, "object_id": "6", "object_repr": "Интеграция", "action_flag": 1, "change_message": "[{\"added\": {}}]"}}, {"model": "admin.logentry", "pk": 134, "fields": {"action_time": "2024-02-19T03:33:57.694Z", "user": 1, "content_type": 14, "object_id": "7", "object_repr": "Один производитель", "action_flag": 1, "change_message": "[{\"added\": {}}]"}}, {"model": "admin.logentry", "pk": 135, "fields": {"action_time": "2024-02-19T03:34:24.008Z", "user": 1, "content_type": 14, "object_id": "8", "object_repr": "Перепрограммирование", "action_flag": 1, "change_message": "[{\"added\": {}}]"}}, {"model": "admin.logentry", "pk": 136, "fields": {"action_time": "2024-02-19T03:34:39.588Z", "user": 1, "content_type": 14, "object_id": "9", "object_repr": "Развитый функционал", "action_flag": 1, "change_message": "[{\"added\": {}}]"}}, {"model": "admin.logentry", "pk": 137, "fields": {"action_time": "2024-02-19T03:34:53.935Z", "user": 1, "content_type": 14, "object_id": "10", "object_repr": "Сервис", "action_flag": 1, "change_message": "[{\"added\": {}}]"}}, {"model": "admin.logentry", "pk": 138, "fields": {"action_time": "2024-02-19T03:35:10.678Z", "user": 1, "content_type": 14, "object_id": "11", "object_repr": "Совместимость", "action_flag": 1, "change_message": "[{\"added\": {}}]"}}, {"model": "admin.logentry", "pk": 139, "fields": {"action_time": "2024-02-19T03:35:26.879Z", "user": 1, "content_type": 14, "object_id": "12", "object_repr": "Удаленный мониторинг", "action_flag": 1, "change_message": "[{\"added\": {}}]"}}, {"model": "admin.logentry", "pk": 140, "fields": {"action_time": "2024-02-19T03:35:33.249Z", "user": 1, "content_type": 14, "object_id": "2", "object_repr": "Ввод резерва", "action_flag": 2, "change_message": "[{\"changed\": {\"fields\": [\"\\u0414\\u043e\\u0441\\u0442\\u0443\\u043f\"]}}]"}}, {"model": "admin.logentry", "pk": 141, "fields": {"action_time": "2024-03-18T08:51:39.866Z", "user": 1, "content_type": 14, "object_id": "2", "object_repr": "Заказ №_2", "action_flag": 3, "change_message": ""}}, {"model": "admin.logentry", "pk": 142, "fields": {"action_time": "2024-03-18T08:51:39.876Z", "user": 1, "content_type": 14, "object_id": "1", "object_repr": "Заказ №_1", "action_flag": 3, "change_message": ""}}, {"model": "admin.logentry", "pk": 143, "fields": {"action_time": "2024-03-18T08:55:35.553Z", "user": 1, "content_type": 14, "object_id": "3", "object_repr": "Заказ №_3", "action_flag": 3, "change_message": ""}}, {"model": "admin.logentry", "pk": 144, "fields": {"action_time": "2024-03-18T09:04:04.171Z", "user": 1, "content_type": 14, "object_id": "4", "object_repr": "Заказ №_4", "action_flag": 2, "change_message": "[{\"changed\": {\"fields\": [\"\\u0421\\u0442\\u0430\\u0442\\u0443\\u0441 \\u0437\\u0430\\u043a\\u0430\\u0437\\u0430\"]}}]"}}, {"model": "admin.logentry", "pk": 145, "fields": {"action_time": "2024-03-18T09:07:08.292Z", "user": 1, "content_type": 14, "object_id": "5", "object_repr": "Заказ №_5", "action_flag": 3, "change_message": ""}}, {"model": "admin.logentry", "pk": 146, "fields": {"action_time": "2024-03-18T09:17:27.213Z", "user": 1, "content_type": 14, "object_id": "8", "object_repr": "Заказ №_8", "action_flag": 3, "change_message": ""}}, {"model": "admin.logentry", "pk": 147, "fields": {"action_time": "2024-03-18T09:17:27.221Z", "user": 1, "content_type": 14, "object_id": "7", "object_repr": "Заказ №_7", "action_flag": 3, "change_message": ""}}, {"model": "admin.logentry", "pk": 148, "fields": {"action_time": "2024-03-18T09:17:27.229Z", "user": 1, "content_type": 14, "object_id": "6", "object_repr": "Заказ №_6", "action_flag": 3, "change_message": ""}}, {"model": "admin.logentry", "pk": 149, "fields": {"action_time": "2024-03-18T09:17:27.237Z", "user": 1, "content_type": 14, "object_id": "4", "object_repr": "Заказ №_4", "action_flag": 3, "change_message": ""}}, {"model": "admin.logentry", "pk": 150, "fields": {"action_time": "2024-03-18T09:32:40.823Z", "user": 1, "content_type": 7, "object_id": "15", "object_repr": "1200_HMCC_01", "action_flag": 3, "change_message": ""}}, {"model": "admin.logentry", "pk": 151, "fields": {"action_time": "2024-03-18T09:32:40.833Z", "user": 1, "content_type": 7, "object_id": "14", "object_repr": "Nokia N9", "action_flag": 3, "change_message": ""}}, {"model": "admin.logentry", "pk": 152, "fields": {"action_time": "2024-03-18T09:32:40.842Z", "user": 1, "content_type": 7, "object_id": "13", "object_repr": "Сибур_Химпром", "action_flag": 3, "change_message": ""}}, {"model": "admin.logentry", "pk": 153, "fields": {"action_time": "2024-03-18T09:32:40.849Z", "user": 1, "content_type": 7, "object_id": "12", "object_repr": "Сибур_Химпром", "action_flag": 3, "change_message": ""}}, {"model": "admin.logentry", "pk": 154, "fields": {"action_time": "2024-03-18T09:32:40.859Z", "user": 1, "content_type": 7, "object_id": "11", "object_repr": "1200_HMCC_01", "action_flag": 3, "change_message": ""}}, {"model": "admin.logentry", "pk": 155, "fields": {"action_time": "2024-03-18T09:32:40.866Z", "user": 1, "content_type": 7, "object_id": "10", "object_repr": "Илим_Усть-Илимск", "action_flag": 3, "change_message": ""}}, {"model": "admin.logentry", "pk": 156, "fields": {"action_time": "2024-03-18T09:32:40.875Z", "user": 1, "content_type": 7, "object_id": "9", "object_repr": "1200_HMCC_01", "action_flag": 3, "change_message": ""}}, {"model": "admin.logentry", "pk": 157, "fields": {"action_time": "2024-03-18T09:32:40.883Z", "user": 1, "content_type": 7, "object_id": "8", "object_repr": "1200_HMCC_01", "action_flag": 3, "change_message": ""}}, {"model": "admin.logentry", "pk": 158, "fields": {"action_time": "2024-03-18T09:32:40.889Z", "user": 1, "content_type": 7, "object_id": "7", "object_repr": "1200_HMCC_01", "action_flag": 3, "change_message": ""}}, {"model": "admin.logentry", "pk": 159, "fields": {"action_time": "2024-03-18T09:32:40.896Z", "user": 1, "content_type": 7, "object_id": "6", "object_repr": "1200_HMCC_01", "action_flag": 3, "change_message": ""}}, {"model": "admin.logentry", "pk": 160, "fields": {"action_time": "2024-03-18T09:32:40.905Z", "user": 1, "content_type": 7, "object_id": "5", "object_repr": "1200_HMCC_01", "action_flag": 3, "change_message": ""}}, {"model": "admin.logentry", "pk": 161, "fields": {"action_time": "2024-03-18T09:32:40.912Z", "user": 1, "content_type": 7, "object_id": "4", "object_repr": "1200_HMCC_01", "action_flag": 3, "change_message": ""}}, {"model": "admin.logentry", "pk": 162, "fields": {"action_time": "2024-03-18T09:32:40.919Z", "user": 1, "content_type": 7, "object_id": "3", "object_repr": "1200_HMCC_01", "action_flag": 3, "change_message": ""}}, {"model": "admin.logentry", "pk": 163, "fields": {"action_time": "2024-03-18T09:32:40.926Z", "user": 1, "content_type": 7, "object_id": "2", "object_repr": "1200_HMCC_01", "action_flag": 3, "change_message": ""}}, {"model": "admin.logentry", "pk": 164, "fields": {"action_time": "2024-03-18T09:32:40.932Z", "user": 1, "content_type": 7, "object_id": "1", "object_repr": "ВРУ", "action_flag": 3, "change_message": ""}}, {"model": "admin.logentry", "pk": 165, "fields": {"action_time": "2024-03-18T09:32:47.796Z", "user": 1, "content_type": 14, "object_id": "9", "object_repr": "Заказ №_9", "action_flag": 3, "change_message": ""}}, {"model": "admin.logentry", "pk": 166, "fields": {"action_time": "2024-03-18T09:41:44.724Z", "user": 1, "content_type": 7, "object_id": "16", "object_repr": "1200_HMCC_01", "action_flag": 3, "change_message": ""}}, {"model": "admin.logentry", "pk": 167, "fields": {"action_time": "2024-03-18T09:43:21.850Z", "user": 1, "content_type": 14, "object_id": "11", "object_repr": "Заказ №_11", "action_flag": 3, "change_message": ""}}, {"model": "admin.logentry", "pk": 168, "fields": {"action_time": "2024-03-18T09:43:31.909Z", "user": 1, "content_type": 7, "object_id": "17", "object_repr": "1", "action_flag": 3, "change_message": ""}}, {"model": "admin.logentry", "pk": 169, "fields": {"action_time": "2024-03-19T01:25:49.575Z", "user": 1, "content_type": 7, "object_id": "1", "object_repr": "1200_HMCC_01", "action_flag": 3, "change_message": ""}}, {"model": "admin.logentry", "pk": 170, "fields": {"action_time": "2024-03-19T01:26:03.403Z", "user": 1, "content_type": 14, "object_id": "18", "object_repr": "Заказ №_18", "action_flag": 3, "change_message": ""}}, {"model": "admin.logentry", "pk": 171, "fields": {"action_time": "2024-03-19T01:26:03.410Z", "user": 1, "content_type": 14, "object_id": "17", "object_repr": "Заказ №_17", "action_flag": 3, "change_message": ""}}, {"model": "admin.logentry", "pk": 172, "fields": {"action_time": "2024-03-19T01:26:03.420Z", "user": 1, "content_type": 14, "object_id": "16", "object_repr": "Заказ №_16", "action_flag": 3, "change_message": ""}}, {"model": "admin.logentry", "pk": 173, "fields": {"action_time": "2024-03-19T01:26:03.427Z", "user": 1, "content_type": 14, "object_id": "15", "object_repr": "Заказ №_15", "action_flag": 3, "change_message": ""}}, {"model": "admin.logentry", "pk": 174, "fields": {"action_time": "2024-03-19T01:26:03.435Z", "user": 1, "content_type": 14, "object_id": "14", "object_repr": "Заказ №_14", "action_flag": 3, "change_message": ""}}, {"model": "admin.logentry", "pk": 175, "fields": {"action_time": "2024-03-19T01:41:36.281Z", "user": 1, "content_type": 14, "object_id": "21", "object_repr": "Заказ №_21", "action_flag": 2, "change_message": "[{\"changed\": {\"fields\": [\"\\u0421\\u0442\\u0430\\u0442\\u0443\\u0441 \\u0437\\u0430\\u043a\\u0430\\u0437\\u0430\"]}}]"}}, {"model": "admin.logentry", "pk": 176, "fields": {"action_time": "2024-03-19T02:24:59.292Z", "user": 1, "content_type": 9, "object_id": "10", "object_repr": "2 Ввода + СВ + ДГУ 24 DC", "action_flag": 2, "change_message": "[{\"changed\": {\"fields\": [\"\\u0422\\u0438\\u043f \\u0410\\u0412\\u0420\", \"URL\"]}}]"}}, {"model": "admin.logentry", "pk": 177, "fields": {"action_time": "2024-03-19T02:25:10.989Z", "user": 1, "content_type": 9, "object_id": "9", "object_repr": "1 Ввода + ДГУ 24 DC", "action_flag": 2, "change_message": "[{\"changed\": {\"fields\": [\"\\u0422\\u0438\\u043f \\u0410\\u0412\\u0420\", \"URL\"]}}]"}}, {"model": "admin.logentry", "pk": 178, "fields": {"action_time": "2024-03-19T02:25:21.085Z", "user": 1, "content_type": 9, "object_id": "8", "object_repr": "1 Ввода + ДГУ 220 AC", "action_flag": 2, "change_message": "[{\"changed\": {\"fields\": [\"\\u0422\\u0438\\u043f \\u0410\\u0412\\u0420\", \"URL\"]}}]"}}, {"model": "admin.logentry", "pk": 179, "fields": {"action_time": "2024-03-19T02:25:30.284Z", "user": 1, "content_type": 9, "object_id": "7", "object_repr": "2 Вводаь + ДГУ 24 DC", "action_flag": 2, "change_message": "[{\"changed\": {\"fields\": [\"\\u0422\\u0438\\u043f \\u0410\\u0412\\u0420\", \"URL\"]}}]"}}, {"model": "admin.logentry", "pk": 180, "fields": {"action_time": "2024-03-19T02:25:44.538Z", "user": 1, "content_type": 9, "object_id": "6", "object_repr": "2 Ввода+ СВ 24 DC", "action_flag": 2, "change_message": "[{\"changed\": {\"fields\": [\"\\u0422\\u0438\\u043f \\u0410\\u0412\\u0420\", \"URL\"]}}]"}}, {"model": "admin.logentry", "pk": 181, "fields": {"action_time": "2024-03-19T02:26:00.411Z", "user": 1, "content_type": 9, "object_id": "5", "object_repr": "2 Ввода 24 DC", "action_flag": 2, "change_message": "[{\"changed\": {\"fields\": [\"\\u0422\\u0438\\u043f \\u0410\\u0412\\u0420\", \"URL\"]}}]"}}, {"model": "admin.logentry", "pk": 182, "fields": {"action_time": "2024-03-19T02:26:12.147Z", "user": 1, "content_type": 9, "object_id": "4", "object_repr": "2 Ввода + СВ + ДГУ 220 AC", "action_flag": 2, "change_message": "[{\"changed\": {\"fields\": [\"\\u0422\\u0438\\u043f \\u0410\\u0412\\u0420\", \"URL\"]}}]"}}, {"model": "admin.logentry", "pk": 183, "fields": {"action_time": "2024-03-19T02:26:21.965Z", "user": 1, "content_type": 9, "object_id": "3", "object_repr": "2 Ввода + ДГУ 220 AC", "action_flag": 2, "change_message": "[{\"changed\": {\"fields\": [\"\\u0422\\u0438\\u043f \\u0410\\u0412\\u0420\", \"URL\"]}}]"}}, {"model": "admin.logentry", "pk": 184, "fields": {"action_time": "2024-03-19T02:26:32.053Z", "user": 1, "content_type": 9, "object_id": "2", "object_repr": "2 Ввода 220 AC", "action_flag": 2, "change_message": "[{\"changed\": {\"fields\": [\"\\u0422\\u0438\\u043f \\u0410\\u0412\\u0420\", \"URL\"]}}]"}}, {"model": "admin.logentry", "pk": 185, "fields": {"action_time": "2024-03-19T02:26:47.117Z", "user": 1, "content_type": 9, "object_id": "1", "object_repr": "2 Ввода + СВ 220 AC", "action_flag": 2, "change_message": "[{\"changed\": {\"fields\": [\"\\u0422\\u0438\\u043f \\u0410\\u0412\\u0420\", \"URL\"]}}]"}}, {"model": "admin.logentry", "pk": 186, "fields": {"action_time": "2024-03-19T02:27:21.802Z", "user": 1, "content_type": 9, "object_id": "6", "object_repr": "2 Ввода + СВ 24 DC", "action_flag": 2, "change_message": "[{\"changed\": {\"fields\": [\"\\u0422\\u0438\\u043f \\u0410\\u0412\\u0420\"]}}]"}}, {"model": "admin.logentry", "pk": 187, "fields": {"action_time": "2024-03-20T02:02:46.138Z", "user": 1, "content_type": 7, "object_id": "3", "object_repr": "Илим_Усть-Илимск", "action_flag": 2, "change_message": "[{\"changed\": {\"fields\": [\"\\u041a\\u043e\\u0434 \\u043a \\u043c\\u0430\\u043a\\u0440\\u043e\\u0441\\u0430\\u043c\"]}}, {\"added\": {\"name\": \"\\u0444\\u0430\\u0439\\u043b\", \"object\": \"File object (1)\"}}]"}}, {"model": "admin.logentry", "pk": 188, "fields": {"action_time": "2024-03-20T03:12:46.554Z", "user": 1, "content_type": 10, "object_id": "1", "object_repr": "File object (1)", "action_flag": 3, "change_message": ""}}, {"model": "admin.logentry", "pk": 189, "fields": {"action_time": "2024-03-20T03:20:24.175Z", "user": 1, "content_type": 7, "object_id": "4", "object_repr": "1200_HMCC_01", "action_flag": 3, "change_message": ""}}, {"model": "admin.logentry", "pk": 190, "fields": {"action_time": "2024-03-20T03:20:24.182Z", "user": 1, "content_type": 7, "object_id": "3", "object_repr": "Илим_Усть-Илимск", "action_flag": 3, "change_message": ""}}, {"model": "admin.logentry", "pk": 191, "fields": {"action_time": "2024-03-20T03:20:24.192Z", "user": 1, "content_type": 7, "object_id": "2", "object_repr": "1200_HMCC_01", "action_flag": 3, "change_message": ""}}, {"model": "admin.logentry", "pk": 192, "fields": {"action_time": "2024-03-20T03:20:31.215Z", "user": 1, "content_type": 14, "object_id": "21", "object_repr": "Заказ №_21", "action_flag": 3, "change_message": ""}}, {"model": "admin.logentry", "pk": 193, "fields": {"action_time": "2024-03-20T03:20:31.226Z", "user": 1, "content_type": 14, "object_id": "20", "object_repr": "Заказ №_20", "action_flag": 3, "change_message": ""}}, {"model": "admin.logentry", "pk": 194, "fields": {"action_time": "2024-03-20T03:20:31.239Z", "user": 1, "content_type": 14, "object_id": "19", "object_repr": "Заказ №_19", "action_flag": 3, "change_message": ""}}, {"model": "admin.logentry", "pk": 195, "fields": {"action_time": "2024-03-20T03:33:56.277Z", "user": 1, "content_type": 7, "object_id": "5", "object_repr": "ЩСН", "action_flag": 1, "change_message": "[{\"added\": {}}, {\"added\": {\"name\": \"\\u0444\\u0430\\u0439\\u043b\", \"object\": \"File object (2)\"}}]"}}, {"model": "admin.logentry", "pk": 196, "fields": {"action_time": "2024-03-20T03:37:28.982Z", "user": 1, "content_type": 7, "object_id": "5", "object_repr": "ЩСН", "action_flag": 2, "change_message": "[{\"changed\": {\"fields\": [\"\\u041f\\u0440\\u0438\\u043c\\u0435\\u0447\\u0430\\u043d\\u0438\\u0435\"]}}]"}}, {"model": "admin.logentry", "pk": 197, "fields": {"action_time": "2024-03-20T03:40:19.254Z", "user": 1, "content_type": 7, "object_id": "6", "object_repr": "ЩСУ", "action_flag": 1, "change_message": "[{\"added\": {}}, {\"added\": {\"name\": \"\\u0444\\u0430\\u0439\\u043b\", \"object\": \"File object (3)\"}}]"}}, {"model": "admin.logentry", "pk": 198, "fields": {"action_time": "2024-03-20T04:00:40.922Z", "user": 1, "content_type": 7, "object_id": "7", "object_repr": "РУНН 0,4", "action_flag": 1, "change_message": "[{\"added\": {}}, {\"added\": {\"name\": \"\\u0444\\u0430\\u0439\\u043b\", \"object\": \"File object (4)\"}}]"}}, {"model": "admin.logentry", "pk": 199, "fields": {"action_time": "2024-03-20T04:03:37.058Z", "user": 1, "content_type": 7, "object_id": "8", "object_repr": "ВРУ", "action_flag": 1, "change_message": "[{\"added\": {}}, {\"added\": {\"name\": \"\\u0444\\u0430\\u0439\\u043b\", \"object\": \"File object (5)\"}}]"}}, {"model": "admin.logentry", "pk": 200, "fields": {"action_time": "2024-03-20T04:03:44.748Z", "user": 1, "content_type": 7, "object_id": "8", "object_repr": "ВРУ", "action_flag": 2, "change_message": "[{\"changed\": {\"fields\": [\"\\u0414\\u043e\\u0441\\u0442\\u0443\\u043f\"]}}]"}}, {"model": "admin.logentry", "pk": 201, "fields": {"action_time": "2024-03-20T05:42:28.279Z", "user": 1, "content_type": 7, "object_id": "9", "object_repr": "ГРЩ", "action_flag": 1, "change_message": "[{\"added\": {}}, {\"added\": {\"name\": \"\\u0444\\u0430\\u0439\\u043b\", \"object\": \"File object (6)\"}}]"}}, {"model": "admin.logentry", "pk": 202, "fields": {"action_time": "2024-03-20T05:47:05.550Z", "user": 1, "content_type": 7, "object_id": "10", "object_repr": "ЩАВР", "action_flag": 1, "change_message": "[{\"added\": {}}, {\"added\": {\"name\": \"\\u0444\\u0430\\u0439\\u043b\", \"object\": \"File object (7)\"}}]"}}, {"model": "admin.logentry", "pk": 203, "fields": {"action_time": "2024-03-20T07:33:16.173Z", "user": 1, "content_type": 7, "object_id": "10", "object_repr": "ЩАВР", "action_flag": 2, "change_message": "[{\"changed\": {\"fields\": [\"\\u041f\\u0440\\u043e\\u0434\\u0430\\u0436\\u0430\"]}}]"}}, {"model": "admin.logentry", "pk": 204, "fields": {"action_time": "2024-03-20T07:33:25.778Z", "user": 1, "content_type": 7, "object_id": "9", "object_repr": "ГРЩ", "action_flag": 2, "change_message": "[{\"changed\": {\"fields\": [\"\\u041f\\u0440\\u043e\\u0434\\u0430\\u0436\\u0430\"]}}]"}}, {"model": "admin.logentry", "pk": 205, "fields": {"action_time": "2024-03-20T07:33:32.165Z", "user": 1, "content_type": 7, "object_id": "8", "object_repr": "ВРУ", "action_flag": 2, "change_message": "[{\"changed\": {\"fields\": [\"\\u041f\\u0440\\u043e\\u0434\\u0430\\u0436\\u0430\"]}}]"}}, {"model": "admin.logentry", "pk": 206, "fields": {"action_time": "2024-03-20T07:33:39.401Z", "user": 1, "content_type": 7, "object_id": "7", "object_repr": "РУНН 0,4", "action_flag": 2, "change_message": "[{\"changed\": {\"fields\": [\"\\u041f\\u0440\\u043e\\u0434\\u0430\\u0436\\u0430\"]}}]"}}, {"model": "admin.logentry", "pk": 207, "fields": {"action_time": "2024-03-20T07:33:46.432Z", "user": 1, "content_type": 7, "object_id": "6", "object_repr": "ЩСУ", "action_flag": 2, "change_message": "[{\"changed\": {\"fields\": [\"\\u041f\\u0440\\u043e\\u0434\\u0430\\u0436\\u0430\"]}}]"}}, {"model": "admin.logentry", "pk": 208, "fields": {"action_time": "2024-03-20T07:33:53.301Z", "user": 1, "content_type": 7, "object_id": "5", "object_repr": "ЩСН", "action_flag": 2, "change_message": "[{\"changed\": {\"fields\": [\"\\u041f\\u0440\\u043e\\u0434\\u0430\\u0436\\u0430\"]}}]"}}, {"model": "admin.logentry", "pk": 209, "fields": {"action_time": "2024-03-20T07:45:14.541Z", "user": 1, "content_type": 7, "object_id": "11", "object_repr": "1200_HMCC_01", "action_flag": 2, "change_message": "[{\"changed\": {\"fields\": [\"\\u041a\\u043e\\u0434 \\u043a \\u043c\\u0430\\u043a\\u0440\\u043e\\u0441\\u0430\\u043c\"]}}, {\"added\": {\"name\": \"\\u0444\\u0430\\u0439\\u043b\", \"object\": \"File object (8)\"}}]"}}, {"model": "admin.logentry", "pk": 210, "fields": {"action_time": "2024-03-20T07:53:55.671Z", "user": 1, "content_type": 7, "object_id": "11", "object_repr": "1200_HMCC_01", "action_flag": 2, "change_message": "[{\"changed\": {\"name\": \"\\u0444\\u0430\\u0439\\u043b\", \"object\": \"File object (8)\", \"fields\": [\"\\u0424\\u0430\\u0439\\u043b \\u043a\\u043e\\u043d\\u0444\\u0438\\u0433\\u0443\\u0440\\u0430\\u0446\\u0438\\u0438\"]}}]"}}, {"model": "admin.logentry", "pk": 211, "fields": {"action_time": "2024-03-21T06:36:22.506Z", "user": 1, "content_type": 14, "object_id": "23", "object_repr": "Заказ №_23", "action_flag": 3, "change_message": ""}}, {"model": "admin.logentry", "pk": 212, "fields": {"action_time": "2024-03-21T06:36:38.239Z", "user": 1, "content_type": 14, "object_id": "22", "object_repr": "Заказ №_22", "action_flag": 3, "change_message": ""}}, {"model": "admin.logentry", "pk": 213, "fields": {"action_time": "2024-03-21T06:37:54.543Z", "user": 1, "content_type": 14, "object_id": "24", "object_repr": "Заказ №_24", "action_flag": 1, "change_message": "[{\"added\": {}}]"}}, {"model": "admin.logentry", "pk": 214, "fields": {"action_time": "2024-03-21T06:42:28.035Z", "user": 1, "content_type": 14, "object_id": "24", "object_repr": "Заказ №_24", "action_flag": 3, "change_message": ""}}, {"model": "admin.logentry", "pk": 215, "fields": {"action_time": "2024-03-21T07:48:22.867Z", "user": 1, "content_type": 7, "object_id": "15", "object_repr": "1200_HMCC_01", "action_flag": 2, "change_message": "[{\"added\": {\"name\": \"\\u0444\\u0430\\u0439\\u043b\", \"object\": \"File object (9)\"}}]"}}, {"model": "admin.logentry", "pk": 216, "fields": {"action_time": "2024-03-21T07:49:57.042Z", "user": 1, "content_type": 7, "object_id": "15", "object_repr": "1200_HMCC_01", "action_flag": 2, "change_message": "[{\"changed\": {\"name\": \"\\u0444\\u0430\\u0439\\u043b\", \"object\": \"File object (9)\", \"fields\": [\"\\u0424\\u0430\\u0439\\u043b \\u043a\\u043e\\u043d\\u0444\\u0438\\u0433\\u0443\\u0440\\u0430\\u0446\\u0438\\u0438\"]}}]"}}, {"model": "admin.logentry", "pk": 217, "fields": {"action_time": "2024-03-21T07:52:59.216Z", "user": 1, "content_type": 7, "object_id": "15", "object_repr": "1200_HMCC_01", "action_flag": 2, "change_message": "[{\"changed\": {\"name\": \"\\u0444\\u0430\\u0439\\u043b\", \"object\": \"File object (9)\", \"fields\": [\"\\u0424\\u0430\\u0439\\u043b \\u043a\\u043e\\u043d\\u0444\\u0438\\u0433\\u0443\\u0440\\u0430\\u0446\\u0438\\u0438\"]}}]"}}, {"model": "admin.logentry", "pk": 218, "fields": {"action_time": "2024-03-21T07:53:46.209Z", "user": 1, "content_type": 7, "object_id": "15", "object_repr": "1200_HMCC_01", "action_flag": 2, "change_message": "[{\"changed\": {\"name\": \"\\u0444\\u0430\\u0439\\u043b\", \"object\": \"File object (9)\", \"fields\": [\"\\u0424\\u0430\\u0439\\u043b \\u043a\\u043e\\u043d\\u0444\\u0438\\u0433\\u0443\\u0440\\u0430\\u0446\\u0438\\u0438\"]}}]"}}, {"model": "admin.logentry", "pk": 219, "fields": {"action_time": "2024-03-21T07:55:35.368Z", "user": 1, "content_type": 7, "object_id": "15", "object_repr": "1200_HMCC_01", "action_flag": 2, "change_message": "[{\"changed\": {\"name\": \"\\u0444\\u0430\\u0439\\u043b\", \"object\": \"File object (9)\", \"fields\": [\"\\u0424\\u0430\\u0439\\u043b \\u043a\\u043e\\u043d\\u0444\\u0438\\u0433\\u0443\\u0440\\u0430\\u0446\\u0438\\u0438\"]}}]"}}, {"model": "admin.logentry", "pk": 220, "fields": {"action_time": "2024-03-21T07:57:19.204Z", "user": 1, "content_type": 7, "object_id": "15", "object_repr": "1200_HMCC_01", "action_flag": 2, "change_message": "[{\"changed\": {\"name\": \"\\u0444\\u0430\\u0439\\u043b\", \"object\": \"File object (9)\", \"fields\": [\"\\u0424\\u0430\\u0439\\u043b \\u043a\\u043e\\u043d\\u0444\\u0438\\u0433\\u0443\\u0440\\u0430\\u0446\\u0438\\u0438\"]}}]"}}, {"model": "admin.logentry", "pk": 221, "fields": {"action_time": "2024-03-21T07:57:30.796Z", "user": 1, "content_type": 7, "object_id": "15", "object_repr": "1200_HMCC_01", "action_flag": 2, "change_message": "[{\"changed\": {\"name\": \"\\u0444\\u0430\\u0439\\u043b\", \"object\": \"File object (9)\", \"fields\": [\"\\u0424\\u0430\\u0439\\u043b \\u043a\\u043e\\u043d\\u0444\\u0438\\u0433\\u0443\\u0440\\u0430\\u0446\\u0438\\u0438\"]}}]"}}, {"model": "admin.logentry", "pk": 222, "fields": {"action_time": "2024-03-21T08:12:18.860Z", "user": 1, "content_type": 7, "object_id": "15", "object_repr": "1200_HMCC_01", "action_flag": 2, "change_message": "[{\"changed\": {\"name\": \"\\u0444\\u0430\\u0439\\u043b\", \"object\": \"File object (9)\", \"fields\": [\"\\u0424\\u0430\\u0439\\u043b \\u043a\\u043e\\u043d\\u0444\\u0438\\u0433\\u0443\\u0440\\u0430\\u0446\\u0438\\u0438\"]}}]"}}, {"model": "admin.logentry", "pk": 223, "fields": {"action_time": "2024-03-21T08:12:44.438Z", "user": 1, "content_type": 7, "object_id": "15", "object_repr": "1200_HMCC_01", "action_flag": 2, "change_message": "[{\"changed\": {\"name\": \"\\u0444\\u0430\\u0439\\u043b\", \"object\": \"File object (9)\", \"fields\": [\"\\u0424\\u0430\\u0439\\u043b \\u043a\\u043e\\u043d\\u0444\\u0438\\u0433\\u0443\\u0440\\u0430\\u0446\\u0438\\u0438\"]}}]"}}, {"model": "admin.logentry", "pk": 224, "fields": {"action_time": "2024-03-21T08:14:42.160Z", "user": 1, "content_type": 7, "object_id": "15", "object_repr": "1200_HMCC_01", "action_flag": 2, "change_message": "[{\"changed\": {\"name\": \"\\u0444\\u0430\\u0439\\u043b\", \"object\": \"File object (9)\", \"fields\": [\"\\u0424\\u0430\\u0439\\u043b \\u043a\\u043e\\u043d\\u0444\\u0438\\u0433\\u0443\\u0440\\u0430\\u0446\\u0438\\u0438\"]}}]"}}, {"model": "admin.logentry", "pk": 225, "fields": {"action_time": "2024-03-21T08:15:03.323Z", "user": 1, "content_type": 7, "object_id": "15", "object_repr": "1200_HMCC_01", "action_flag": 2, "change_message": "[{\"changed\": {\"name\": \"\\u0444\\u0430\\u0439\\u043b\", \"object\": \"File object (9)\", \"fields\": [\"\\u0424\\u0430\\u0439\\u043b \\u043a\\u043e\\u043d\\u0444\\u0438\\u0433\\u0443\\u0440\\u0430\\u0446\\u0438\\u0438\"]}}]"}}, {"model": "admin.logentry", "pk": 226, "fields": {"action_time": "2024-03-21T08:18:48.181Z", "user": 1, "content_type": 14, "object_id": "26", "object_repr": "Заказ №_26", "action_flag": 3, "change_message": ""}}, {"model": "admin.logentry", "pk": 227, "fields": {"action_time": "2024-03-21T08:18:48.195Z", "user": 1, "content_type": 14, "object_id": "25", "object_repr": "Заказ №_25", "action_flag": 3, "change_message": ""}}, {"model": "admin.logentry", "pk": 228, "fields": {"action_time": "2024-03-21T08:19:07.335Z", "user": 1, "content_type": 7, "object_id": "14", "object_repr": "Nokia N9", "action_flag": 3, "change_message": ""}}, {"model": "admin.logentry", "pk": 229, "fields": {"action_time": "2024-03-21T08:19:07.343Z", "user": 1, "content_type": 7, "object_id": "13", "object_repr": "Nokia N9", "action_flag": 3, "change_message": ""}}, {"model": "admin.logentry", "pk": 230, "fields": {"action_time": "2024-03-21T08:19:07.351Z", "user": 1, "content_type": 7, "object_id": "12", "object_repr": "Nokia N9", "action_flag": 3, "change_message": ""}}, {"model": "admin.logentry", "pk": 231, "fields": {"action_time": "2024-03-21T08:19:07.359Z", "user": 1, "content_type": 7, "object_id": "11", "object_repr": "1200_HMCC_01", "action_flag": 3, "change_message": ""}}, {"model": "admin.logentry", "pk": 232, "fields": {"action_time": "2024-03-22T02:04:59.873Z", "user": 1, "content_type": 14, "object_id": "28", "object_repr": "Заказ №_28", "action_flag": 2, "change_message": "[{\"changed\": {\"fields\": [\"\\u0421\\u0442\\u0430\\u0442\\u0443\\u0441 \\u0437\\u0430\\u043a\\u0430\\u0437\\u0430\"]}}]"}}, {"model": "admin.logentry", "pk": 233, "fields": {"action_time": "2024-03-22T02:30:43.558Z", "user": 1, "content_type": 14, "object_id": "27", "object_repr": "Заказ №_27", "action_flag": 2, "change_message": "[{\"changed\": {\"fields\": [\"\\u0421\\u0442\\u0430\\u0442\\u0443\\u0441 \\u0437\\u0430\\u043a\\u0430\\u0437\\u0430\"]}}]"}}, {"model": "admin.logentry", "pk": 234, "fields": {"action_time": "2024-03-22T02:33:45.591Z", "user": 1, "content_type": 14, "object_id": "28", "object_repr": "Заказ №_28", "action_flag": 2, "change_message": "[{\"changed\": {\"fields\": [\"\\u0421\\u0442\\u0430\\u0442\\u0443\\u0441 \\u0437\\u0430\\u043a\\u0430\\u0437\\u0430\"]}}]"}}, {"model": "admin.logentry", "pk": 235, "fields": {"action_time": "2024-03-22T02:34:16.017Z", "user": 1, "content_type": 14, "object_id": "27", "object_repr": "Заказ №_27", "action_flag": 2, "change_message": "[{\"changed\": {\"fields\": [\"\\u0421\\u0442\\u0430\\u0442\\u0443\\u0441 \\u0437\\u0430\\u043a\\u0430\\u0437\\u0430\"]}}]"}}, {"model": "admin.logentry", "pk": 236, "fields": {"action_time": "2024-03-22T02:34:23.265Z", "user": 1, "content_type": 14, "object_id": "28", "object_repr": "Заказ №_28", "action_flag": 2, "change_message": "[{\"changed\": {\"fields\": [\"\\u0421\\u0442\\u0430\\u0442\\u0443\\u0441 \\u0437\\u0430\\u043a\\u0430\\u0437\\u0430\"]}}]"}}, {"model": "admin.logentry", "pk": 237, "fields": {"action_time": "2024-03-22T03:30:11.188Z", "user": 1, "content_type": 15, "object_id": "3", "object_repr": "moris_1", "action_flag": 3, "change_message": ""}}, {"model": "admin.logentry", "pk": 238, "fields": {"action_time": "2024-03-22T03:30:11.200Z", "user": 1, "content_type": 15, "object_id": "2", "object_repr": "petro", "action_flag": 3, "change_message": ""}}, {"model": "admin.logentry", "pk": 239, "fields": {"action_time": "2024-03-22T03:30:22.350Z", "user": 1, "content_type": 14, "object_id": "28", "object_repr": "Заказ №_28", "action_flag": 3, "change_message": ""}}, {"model": "admin.logentry", "pk": 240, "fields": {"action_time": "2024-03-22T03:30:22.357Z", "user": 1, "content_type": 14, "object_id": "27", "object_repr": "Заказ №_27", "action_flag": 3, "change_message": ""}}, {"model": "admin.logentry", "pk": 241, "fields": {"action_time": "2024-03-22T03:30:38.489Z", "user": 1, "content_type": 7, "object_id": "16", "object_repr": "Илим_Усть-Илимск", "action_flag": 3, "change_message": ""}}, {"model": "admin.logentry", "pk": 242, "fields": {"action_time": "2024-03-22T03:30:38.498Z", "user": 1, "content_type": 7, "object_id": "15", "object_repr": "1200_HMCC_01", "action_flag": 3, "change_message": ""}}, {"model": "admin.logentry", "pk": 243, "fields": {"action_time": "2024-03-25T02:44:54.273Z", "user": 1, "content_type": 16, "object_id": "1", "object_repr": "OwenLogic", "action_flag": 1, "change_message": "[{\"added\": {}}, {\"added\": {\"name\": \"\\u0444\\u0430\\u0439\\u043b\", \"object\": \"OwenLogic\"}}]"}}, {"model": "admin.logentry", "pk": 244, "fields": {"action_time": "2024-03-25T04:48:10.887Z", "user": 1, "content_type": 16, "object_id": "1", "object_repr": "OwenLogic", "action_flag": 2, "change_message": "[{\"changed\": {\"fields\": [\"\\u041e\\u043f\\u0438\\u0441\\u0430\\u043d\\u0438\\u0435\"]}}, {\"changed\": {\"name\": \"\\u0444\\u0430\\u0439\\u043b\", \"object\": \"OwenLogic\", \"fields\": [\"\\u0418\\u043d\\u0441\\u0442\\u0440\\u0443\\u043a\\u0446\\u0438\\u044f\"]}}]"}}, {"model": "admin.logentry", "pk": 245, "fields": {"action_time": "2024-03-25T07:11:51.777Z", "user": 1, "content_type": 16, "object_id": "2", "object_repr": "ZeloLogic", "action_flag": 1, "change_message": "[{\"added\": {}}, {\"added\": {\"name\": \"\\u0444\\u0430\\u0439\\u043b\", \"object\": \"ZeloLogic\"}}]"}}, {"model": "admin.logentry", "pk": 246, "fields": {"action_time": "2024-03-25T07:12:53.609Z", "user": 1, "content_type": 16, "object_id": "2", "object_repr": "ZelioLogic", "action_flag": 2, "change_message": "[{\"changed\": {\"fields\": [\"\\u041d\\u0430\\u0438\\u043c\\u0435\\u043d\\u043e\\u0432\\u0430\\u043d\\u0438\\u0435\", \"URL\"]}}]"}}, {"model": "admin.logentry", "pk": 247, "fields": {"action_time": "2024-03-25T07:17:33.251Z", "user": 1, "content_type": 16, "object_id": "3", "object_repr": "Owen Конфигуратор", "action_flag": 1, "change_message": "[{\"added\": {}}, {\"added\": {\"name\": \"\\u0444\\u0430\\u0439\\u043b\", \"object\": \"Owen \\u041a\\u043e\\u043d\\u0444\\u0438\\u0433\\u0443\\u0440\\u0430\\u0442\\u043e\\u0440\"}}]"}}, {"model": "admin.logentry", "pk": 248, "fields": {"action_time": "2024-03-25T07:18:12.827Z", "user": 1, "content_type": 16, "object_id": "3", "object_repr": "Owen Конфигуратор", "action_flag": 2, "change_message": "[{\"changed\": {\"fields\": [\"\\u041e\\u043f\\u0438\\u0441\\u0430\\u043d\\u0438\\u0435\"]}}]"}}, {"model": "admin.logentry", "pk": 249, "fields": {"action_time": "2024-03-25T07:19:37.919Z", "user": 1, "content_type": 16, "object_id": "3", "object_repr": "OwenConf", "action_flag": 2, "change_message": "[{\"changed\": {\"fields\": [\"\\u041d\\u0430\\u0438\\u043c\\u0435\\u043d\\u043e\\u0432\\u0430\\u043d\\u0438\\u0435\"]}}]"}}, {"model": "admin.logentry", "pk": 250, "fields": {"action_time": "2024-03-25T07:28:49.736Z", "user": 1, "content_type": 16, "object_id": "3", "object_repr": "Owen Config", "action_flag": 2, "change_message": "[{\"changed\": {\"fields\": [\"\\u041d\\u0430\\u0438\\u043c\\u0435\\u043d\\u043e\\u0432\\u0430\\u043d\\u0438\\u0435\", \"\\u041e\\u043f\\u0438\\u0441\\u0430\\u043d\\u0438\\u0435\"]}}, {\"changed\": {\"name\": \"\\u0444\\u0430\\u0439\\u043b\", \"object\": \"Owen Config\", \"fields\": [\"\\u0418\\u043d\\u0441\\u0442\\u0440\\u0443\\u043a\\u0446\\u0438\\u044f\"]}}]"}}, {"model": "admin.logentry", "pk": 251, "fields": {"action_time": "2024-03-25T07:30:18.075Z", "user": 1, "content_type": 16, "object_id": "3", "object_repr": "Owen Config", "action_flag": 2, "change_message": "[{\"changed\": {\"name\": \"\\u0444\\u0430\\u0439\\u043b\", \"object\": \"Owen Config\", \"fields\": [\"\\u0418\\u043d\\u0441\\u0442\\u0440\\u0443\\u043a\\u0446\\u0438\\u044f\"]}}]"}}, {"model": "admin.logentry", "pk": 252, "fields": {"action_time": "2024-03-25T07:37:21.893Z", "user": 1, "content_type": 16, "object_id": "4", "object_repr": "ONI PLR Studio", "action_flag": 1, "change_message": "[{\"added\": {}}, {\"added\": {\"name\": \"\\u0444\\u0430\\u0439\\u043b\", \"object\": \"ONI PLR Studio\"}}]"}}, {"model": "admin.logentry", "pk": 253, "fields": {"action_time": "2024-03-25T07:50:29.431Z", "user": 1, "content_type": 16, "object_id": "4", "object_repr": "ONI PLR Studio", "action_flag": 2, "change_message": "[{\"changed\": {\"fields\": [\"\\u041e\\u043f\\u0438\\u0441\\u0430\\u043d\\u0438\\u0435\"]}}]"}}, {"model": "auth.user", "pk": 1, "fields": {"password": "pbkdf2_sha256$720000$c9XSnebzh7Xp165pkxU5nX$iYsalfFhdH/e2tF4aaH/nqt9t/jxKqdrr+PP2sfgFYU=", "last_login": "2024-03-22T03:15:23.965Z", "is_superuser": true, "username": "root", "first_name": "Виктор", "last_name": "", "email": "vm-viktor@mail.ru", "is_staff": true, "is_active": true, "date_joined": "2024-02-07T09:01:15Z", "groups": [], "user_permissions": []}}, {"model": "auth.user", "pk": 2, "fields": {"password": "pbkdf2_sha256$720000$AM6h5FCrxHiNKbfzPZTEsA$1+seUurtTlyco4nw/WQTVdFLbu6gvWRa/e60tvD08ZQ=", "last_login": "2024-03-22T01:16:27.085Z", "is_superuser": false, "username": "petro", "first_name": "", "last_name": "", "email": "petro@qwe.com", "is_staff": false, "is_active": true, "date_joined": "2024-03-19T01:29:20.970Z", "groups": [], "user_permissions": []}}, {"model": "auth.user", "pk": 3, "fields": {"password": "pbkdf2_sha256$720000$laKgXYh6lXFB5gZJeg442L$YcmpPsKjVtOX6lbtWwyF5a41xJ2KTLM0ErX9gWAVJCk=", "last_login": "2024-03-22T02:57:15.586Z", "is_superuser": false, "username": "moris_1", "first_name": "", "last_name": "", "email": "moris_1@com.com", "is_staff": false, "is_active": true, "date_joined": "2024-03-22T02:57:14.119Z", "groups": [], "user_permissions": []}}, {"model": "sessions.session", "pk": "2tswqjyzhu37sxw85lky60mt6zl81ub4", "fields": {"session_data": ".eJxVjDsOwjAQBe_iGlne-BObkp4zWGvvLgkgR8qnQtwdIqWA9s3Me6mM2zrkbeE5j6TOCtTpdytYH9x2QHdst0nXqa3zWPSu6IMu-joRPy-H-3cw4DJ8a5sYel_Zg4kopQoJ1M4kXyNSFzmIF2tdACwCbIJ1nXOG-giUwAqr9wfy8Tf-:1rbzQZ:EKto6TPkYSYX5KF4DuQfGQB6AwS0KKxpiUQ153LxiTg", "expire_date": "2024-03-04T08:55:07.324Z"}}, {"model": "sessions.session", "pk": "no3oiscptnmzim2zfdvq9f6vgvczsdmz", "fields": {"session_data": ".eJxVjDsOwjAQBe_iGlne-BObkp4zWGvvLgkgR8qnQtwdIqWA9s3Me6mM2zrkbeE5j6TOCtTpdytYH9x2QHdst0nXqa3zWPSu6IMu-joRPy-H-3cw4DJ8a5sYel_Zg4kopQoJ1M4kXyNSFzmIF2tdACwCbIJ1nXOG-giUwAqr9wfy8Tf-:1rnVNL:QNtBextFN2TLvwqG07ezh7XRuZ0kiIjlpLhTmjMeVsA", "expire_date": "2024-04-05T03:15:23.974Z"}}, {"model": "avr_type.typeavr", "pk": 1, "fields": {"name": "2 Ввода + СВ 220 AC", "slug": "2-vvoda-sv-220-ac", "access": true}}, {"model": "avr_type.typeavr", "pk": 2, "fields": {"name": "2 Ввода 220 AC", "slug": "2-vvoda-220-ac", "access": true}}, {"model": "avr_type.typeavr", "pk": 3, "fields": {"name": "2 Ввода + ДГУ 220 AC", "slug": "2-vvoda-dgu-220-ac", "access": false}}, {"model": "avr_type.typeavr", "pk": 4, "fields": {"name": "2 Ввода + СВ + ДГУ 220 AC", "slug": "2-vvoda-sv-dgu-229-ac", "access": false}}, {"model": "avr_type.typeavr", "pk": 5, "fields": {"name": "2 Ввода 24 DC", "slug": "2-vvoda-24-dc", "access": true}}, {"model": "avr_type.typeavr", "pk": 6, "fields": {"name": "2 Ввода + СВ 24 DC", "slug": "2-vvoda-sv-24-dc", "access": true}}, {"model": "avr_type.typeavr", "pk": 7, "fields": {"name": "2 Вводаь + ДГУ 24 DC", "slug": "2-vvoda-dgu-24-dc", "access": true}}, {"model": "avr_type.typeavr", "pk": 8, "fields": {"name": "1 Ввода + ДГУ 220 AC", "slug": "1-vvoda-dgu-220-ac", "access": false}}, {"model": "avr_type.typeavr", "pk": 9, "fields": {"name": "1 Ввода + ДГУ 24 DC", "slug": "1-vvodal-dgu-24-dc", "access": false}}, {"model": "avr_type.typeavr", "pk": 10, "fields": {"name": "2 Ввода + СВ + ДГУ 24 DC", "slug": "2-vvoda-sv-dgu-24-dc", "access": true}}, {"model": "avr_type.imagetypeavr", "pk": 34, "fields": {"type_avr": 10, "photo": "system/2 Ввода 2 Потребителя + СВ + ДГУ 24 DC/2_2дгу_24.png"}}, {"model": "avr_type.imagetypeavr", "pk": 35, "fields": {"type_avr": 7, "photo": "system/2 Ввода 1 Потребитель + ДГУ 24 DC/2_1дгу_24.png"}}, {"model": "avr_type.imagetypeavr", "pk": 36, "fields": {"type_avr": 6, "photo": "system/2 Ввода 2 Потребителя + СВ 24 DC/2_2св_24.png"}}, {"model": "avr_type.imagetypeavr", "pk": 37, "fields": {"type_avr": 5, "photo": "system/2 Ввода 1 Потребитель 24 DC/2_1_24.png"}}, {"model": "avr_type.imagetypeavr", "pk": 38, "fields": {"type_avr": 2, "photo": "system/2 Ввода 1 Потребитель 220 AC/2_1_220.png"}}, {"model": "avr_type.imagetypeavr", "pk": 39, "fields": {"type_avr": 1, "photo": "system/2 Ввода 2 Потребителя + СВ 220 AC/2_2св_220.png"}}, {"model": "avr_type.classification", "pk": 5, "fields": {"type_avr": 5, "name": "ЩСН", "slug": "shsn", "vnr": false, "temp_tp": false, "reset": false, "choice_in": true, "dgu": false, "work_tp": false, "status_box": false, "lamp_avr_ready": false, "lamp_avr_work": false, "signal_ozz": false, "comment": "Стандартное, простое решения для управления АВР, на базе Owen ПР200-24DC.", "relay": 5, "access": true, "sell": false, "macro_code": "4865213"}}, {"model": "avr_type.classification", "pk": 6, "fields": {"type_avr": 2, "name": "ЩСУ", "slug": "shsu", "vnr": false, "temp_tp": false, "reset": false, "choice_in": true, "dgu": false, "work_tp": false, "status_box": false, "lamp_avr_ready": false, "lamp_avr_work": false, "signal_ozz": false, "comment": "Стандартное, простое решения для управления АВР, на базе Owen ПР200-220AC.", "relay": 5, "access": true, "sell": false, "macro_code": "4865213"}}, {"model": "avr_type.classification", "pk": 7, "fields": {"type_avr": 6, "name": "РУНН 0,4", "slug": "runn-04", "vnr": false, "temp_tp": false, "reset": false, "choice_in": false, "dgu": false, "work_tp": false, "status_box": false, "lamp_avr_ready": false, "lamp_avr_work": false, "signal_ozz": false, "comment": "Стандартное, простое решение для управления АВР, на базе Owen ПР200-24DC. Для полного функционирования предусмотрен модуль расширения ПРМ-24.1. Возможность менять режим работы тр-ров силовых на программном уровне.", "relay": 5, "access": true, "sell": false, "macro_code": "леголас123"}}, {"model": "avr_type.classification", "pk": 8, "fields": {"type_avr": 1, "name": "ВРУ", "slug": "vru", "vnr": false, "temp_tp": false, "reset": false, "choice_in": false, "dgu": false, "work_tp": false, "status_box": false, "lamp_avr_ready": false, "lamp_avr_work": false, "signal_ozz": false, "comment": "Стандартное, простое решение для управления АВР, на базе Owen ПР200-220АC. Для полного функционирования предусмотрен модуль расширения ПРМ-220.1. Возможность менять режим работы тр-ров силовых на программном уровне.", "relay": 5, "access": true, "sell": false, "macro_code": "голос12"}}, {"model": "avr_type.classification", "pk": 9, "fields": {"type_avr": 10, "name": "ГРЩ", "slug": "grsh", "vnr": false, "temp_tp": false, "reset": false, "choice_in": false, "dgu": false, "work_tp": false, "status_box": false, "lamp_avr_ready": false, "lamp_avr_work": false, "signal_ozz": false, "comment": "Стандартное, простое решение для управления АВР, на базе Owen ПР200-24DC.\r\nДля полного функционирования предусмотрен модуль расширения ПРМ-24.1.\r\nВозможность менять режим работы тр-ров силовых на программном уровне.\r\nВывод информации на экран (состояние АВР, аварийные сигналы вводных аппаратов.", "relay": 5, "access": true, "sell": false, "macro_code": "accessgrch43"}}, {"model": "avr_type.classification", "pk": 10, "fields": {"type_avr": 4, "name": "ЩАВР", "slug": "shavr", "vnr": false, "temp_tp": false, "reset": false, "choice_in": false, "dgu": false, "work_tp": false, "status_box": false, "lamp_avr_ready": false, "lamp_avr_work": false, "signal_ozz": false, "comment": "Стандартное, простое решение для управления АВР, на базе Owen ПР200-220АС.\r\nДля полного функционирования предусмотрен модуль расширения ПРМ-220.1.\r\nВозможность менять режим работы тр-ров силовых на программном уровне.\r\nВывод информации на экран (состояние АВР, аварийные сигналы вводных аппаратов.", "relay": 5, "access": true, "sell": false, "macro_code": "accessgrch43"}}, {"model": "avr_type.smartrelay", "pk": 1, "fields": {"brand": "Zelio", "model": "SR3B261BD", "slug": "sr3b261bd", "access": true}}, {"model": "avr_type.smartrelay", "pk": 2, "fields": {"brand": "Zelio", "model": "SR2B261FU", "slug": "sr2b261fu", "access": true}}, {"model": "avr_type.smartrelay", "pk": 3, "fields": {"brand": "Zelio", "model": "SR2B201FU", "slug": "sr2b201fu", "access": true}}, {"model": "avr_type.smartrelay", "pk": 4, "fields": {"brand": "Zelio", "model": "SR2B121FU", "slug": "sr2b121fu", "access": true}}, {"model": "avr_type.smartrelay", "pk": 5, "fields": {"brand": "Owen", "model": "ПР200", "slug": "pr200", "access": true}}, {"model": "avr_type.smartrelay", "pk": 6, "fields": {"brand": "Owen", "model": "ПР205", "slug": "pr205", "access": true}}, {"model": "avr_type.smartrelay", "pk": 7, "fields": {"brand": "Owen", "model": "ПР103", "slug": "pr103", "access": true}}, {"model": "avr_type.smartrelay", "pk": 8, "fields": {"brand": "Oni", "model": "Oni", "slug": "oni", "access": false}}, {"model": "avr_type.smartrelay", "pk": 9, "fields": {"brand": "Logo", "model": "LOGO!8", "slug": "logo8", "access": false}}, {"model": "avr_type.file", "pk": 2, "fields": {"firmware": 5, "file": "logics/ЩСН/logic/2-вводаПР200_24_v.1.001.owle", "file_description": "logics/ЩСН/description/Описание_работы.docx"}}, {"model": "avr_type.file", "pk": 3, "fields": {"firmware": 6, "file": "logics/ЩСУ/logic/2-вводаПР200_220_v.1.001.owle", "file_description": "logics/ЩСУ/description/Описание_работы.docx"}}, {"model": "avr_type.file", "pk": 4, "fields": {"firmware": 7, "file": "logics/РУНН 0,4/logic/2вводасекц_v.1.001.owle", "file_description": "logics/РУНН 0,4/description/Описание_АВР.docx"}}, {"model": "avr_type.file", "pk": 5, "fields": {"firmware": 8, "file": "logics/ВРУ/logic/2вводасекц_220_v.1.001.owle", "file_description": "logics/ВРУ/description/описание.docx"}}, {"model": "avr_type.file", "pk": 6, "fields": {"firmware": 9, "file": "logics/ГРЩ/logic/2вводасекц_v.1.001.owle", "file_description": "logics/ГРЩ/description/Описание_АВР.docx"}}, {"model": "avr_type.file", "pk": 7, "fields": {"firmware": 10, "file": "logics/ЩАВР/logic/2вводасекц_v.1.001.owle", "file_description": "logics/ЩАВР/description/Описание_АВР.docx"}}, {"model": "avr_type.banner", "pk": 1, "fields": {"name": "Типовые решения АВР", "slug": "tipovye-resheniya-avr", "photo": "banner/Типовые решения АВР/smart_avr_banner.PNG", "description": "Управление АВР с помощью контроллеров и программируемых реле", "link": "http://127.0.0.1:8000", "is_active": true, "create_at": "2024-02-15T08:46:36.084Z", "update_at": "2024-02-16T02:16:42.732Z"}}, {"model": "avr_type.banner", "pk": 2, "fields": {"name": "Передача данных", "slug": "peredacha-dannyh", "photo": "banner/Передача данных/диспетчирезация.jpg", "description": "Мониторинг и управление  по протоколу Modbus", "link": "http://127.0.0.1:8000/", "is_active": true, "create_at": "2024-02-15T09:05:04.192Z", "update_at": "2024-02-15T09:05:04.192Z"}}, {"model": "avr_type.banner", "pk": 3, "fields": {"name": "Индивидуальный подход", "slug": "individualnyj-podhod", "photo": "banner/Индивидуальный подход/восточный_порт.jpg", "description": "Разработка индивидуальных решений для не типовых объектов", "link": "http://127.0.0.1:8000/", "is_active": true, "create_at": "2024-02-15T09:22:40.429Z", "update_at": "2024-02-15T09:22:40.429Z"}}, {"model": "avr_type.advantage", "pk": 1, "fields": {"title": "Архивы", "icon": "advantage/Архивы/adv-01.png", "access": true}}, {"model": "avr_type.advantage", "pk": 2, "fields": {"title": "Ввод резерва", "icon": "advantage/Ввод резерва/adv-02.png", "access": true}}, {"model": "avr_type.advantage", "pk": 3, "fields": {"title": "Гибкость настройки", "icon": "advantage/Гибкость настройки/adv-03.png", "access": true}}, {"model": "avr_type.advantage", "pk": 4, "fields": {"title": "Готовое решение", "icon": "advantage/Готовое решение/adv-04.png", "access": true}}, {"model": "avr_type.advantage", "pk": 5, "fields": {"title": "Документация", "icon": "advantage/Документация/adv-05.png", "access": true}}, {"model": "avr_type.advantage", "pk": 6, "fields": {"title": "Интеграция", "icon": "advantage/Интеграция/adv-06.png", "access": true}}, {"model": "avr_type.advantage", "pk": 7, "fields": {"title": "Один производитель", "icon": "advantage/Один производитель/adv-07.png", "access": true}}, {"model": "avr_type.advantage", "pk": 8, "fields": {"title": "Перепрограммирование", "icon": "advantage/Перепрограммирование/adv-08.png", "access": true}}, {"model": "avr_type.advantage", "pk": 9, "fields": {"title": "Развитый функционал", "icon": "advantage/Развитый функционал/adv-09.png", "access": true}}, {"model": "avr_type.advantage", "pk": 10, "fields": {"title": "Сервис", "icon": "advantage/Сервис/adv-10.png", "access": true}}, {"model": "avr_type.advantage", "pk": 11, "fields": {"title": "Совместимость", "icon": "advantage/Совместимость/adv-11.png", "access": true}}, {"model": "avr_type.advantage", "pk": 12, "fields": {"title": "Удаленный мониторинг", "icon": "advantage/Удаленный мониторинг/adv-12.png", "access": true}}, {"model": "users.profile", "pk": 1, "fields": {"user": 1, "phone": "+79232273248", "avatar": "profiles/root/avatar/admin_set_PwuENWm.png", "archive": false}}, {"model": "software.software", "pk": 1, "fields": {"name": "OwenLogic", "slug": "owenlogic", "description": "Среда разработки", "access": true}}, {"model": "software.software", "pk": 2, "fields": {"name": "ZelioLogic", "slug": "zeliologic", "description": "Среда разработки", "access": true}}, {"model": "software.software", "pk": 3, "fields": {"name": "Owen Config", "slug": "owen-konfigurator", "description": "Конигуратор для настройки приборов ОВЕН", "access": true}}, {"model": "software.software", "pk": 4, "fields": {"name": "ONI PLR Studio", "slug": "oni-plr-studio", "description": "Среда разработки для логических реле", "access": true}}, {"model": "software.filesoftware", "pk": 1, "fields": {"software": 1, "file_service": "software/Setup_OwenLogic_2.3.331.exe/service_po/Setup_OwenLogic_2.3.331.exe", "file_driver": "", "file_instruction": "software/инструкция по owen.docx/file_instruction/инструкция_по_owen.docx"}}, {"model": "software.filesoftware", "pk": 2, "fields": {"software": 2, "file_service": "software/ZelioSoft2_5.1_FINAL2.exe/service_po/ZelioSoft2_5.1_FINAL2.exe", "file_driver": "software/SR2_USB01_H2.x_Setup.exe/driver/SR2_USB01_H2.x_Setup.exe", "file_instruction": "software/Инструкция по загрузке алгоритма работы для Zelio.docx/file_instruction/Инстру_jrXzJif.docx"}}, {"model": "software.filesoftware", "pk": 3, "fields": {"software": 3, "file_service": "software/Setup_OwenConfigurer_v1.24.129.0.exe/service_po/Setup_OwenConfigurer_v1.24.129.0.exe", "file_driver": "", "file_instruction": "software/список изменений.docx/file_instruction/список_изменений.docx"}}, {"model": "software.filesoftware", "pk": 4, "fields": {"software": 4, "file_service": "software/ONI PLR Studio-v3.4.2.9-Setup_20220627.exe/service_po/ONI_PLR_Studio-v3.4.2.9-S_FI13anj.exe", "file_driver": "software/CH341SER.exe/driver/CH341SER.exe", "file_instruction": ""}}]